县区,GDP,常住人口,户籍人口,面积,经度,纬度
东港区,519.61,75.15,75.04,1266,119.46862431118342,35.43104900394244
岚山区,511.69,40.97,43.63,646,119.32553044175195,35.127432330051725
莒县,385.74,99.70,116.73,1950,119.45862617085737,35.43829807753727
五莲县,197.26,50.00,51.16,1497,119.21558036258607,35.75569710410426
经开区,278.18,14.11,12.64,80,119.53341540456555,35.42283899843767
高新区,70.99,6.47,7,115,119.50433447046046,35.47252655802359
山海天,42.96,8.50,9.01,168,119.58702798418149,35.453277919072505