value,JD,WD
16,119.3255304,35.12743233
48,119.4686243,35.431049
12,119.5334154,35.422839
56,118.8435382,35.58587212
26,119.2155804,35.7556971
