value,JD,WD
6,119.4686243,35.431049
6,118.8435382,35.58587212
9,119.2155804,35.7556971
