value,JD,WD
2,119.4686243,35.431049
10,118.8435382,35.58587212
1,119.2155804,35.7556971
