value,JD,WD
2,118.8435382,35.58587212
