value,JD,WD
2,119.2155804,35.7556971
