value,JD,WD
6,118.8435382,35.58587212
