value,JD,WD
4,119.5334154,35.422839
4,118.8435382,35.58587212
1,119.2155804,35.7556971
