value,JD,WD
3,119.4686243,35.431049
4,118.8435382,35.58587212
