value,JD,WD
3,119.3255304,35.12743233
7,119.4686243,35.431049
12,118.8435382,35.58587212
