value,JD,WD
6,119.4686243,35.431049
