value,JD,WD
1,119.3255304,35.12743233
7,119.4686243,35.431049
15,118.8435382,35.58587212
