value,JD,WD
4,119.3255304,35.12743233
2,119.4686243,35.431049
4,119.5334154,35.422839
7,118.8435382,35.58587212
