value,JD,WD
2,119.587028,35.45327792
2,119.3255304,35.12743233
4,119.4686243,35.431049
7,118.8435382,35.58587212
