value,JD,WD
4,119.4686243,35.431049
1,119.5334154,35.422839
6,118.8435382,35.58587212
