value,JD,WD
3,119.3255304,35.12743233
14,119.4686243,35.431049
1,119.5334154,35.422839
27,118.8435382,35.58587212
3,119.2155804,35.7556971
