value,JD,WD
4,119.587028,35.45327792
17,119.3255304,35.12743233
1,119.4686243,35.431049
26,118.8435382,35.58587212
4,119.2155804,35.7556971
