value,JD,WD
1,119.587028,35.45327792
11,119.3255304,35.12743233
7,119.4686243,35.431049
24,118.8435382,35.58587212
7,119.2155804,35.7556971
