value,JD,WD
4,119.3255304,35.12743233
11,119.4686243,35.431049
21,118.8435382,35.58587212
