value,JD,WD
11,119.3255304,35.12743233
27,119.4686243,35.431049
27,118.8435382,35.58587212
12,119.2155804,35.7556971
