JGDJ,percent
一级,0.8077911116680551
二级,0.6427985239852398
三级,0.5346603514455751
