JD,WD,value
116.2979565,35.41008808,1
106.7371863,30.28648256,1
120.3880917,36.30814232,1
