JD,WD,value
119.2860155,35.13672208,1
106.7371863,30.28648256,1
