JGDJ,percent
一级,0.0
二级,0.6517647058823529
三级,0.48808370281195246
