JGDJ,percent
一级,0.7187582233917713
二级,0.0
三级,0.7844963724166342
