JGDJ,percent
一级,0.782621450773583
二级,0.16227171872333163
三级,0.5771440758302658
