JGDJ,percent
一级,0.0
二级,0.668782466584953
三级,0.5134063444108761
