JD,WD,value
119.5734467,35.57720323,1
118.9893251,35.40548657,1
119.4586262,35.43829808,1
112.1380499,29.10446695,1
116.2005516,37.43284291,1
118.8011232,35.52220152,1
118.9067767,35.58440415,1
115.4590891,38.53731644,1
118.9721459,35.9918261,1
119.3319313,35.86638699,1
