JD,WD,value
119.3866344,35.28446157,1
113.8643611,36.13099864,2
118.9067767,35.58440415,1
