JGDJ,percent
一级,0.0
二级,0.8819154208049244
三级,0.4997065387793558
