JD,WD,value
116.2979565,35.41008808,2
112.1380499,29.10446695,1
119.3012309,35.39150145,2
120.3880917,36.30814232,2
118.8011232,35.52220152,2
