value,JD,WD
21,119.3255304,35.12743233
77,119.4686243,35.431049
12,119.5334154,35.422839
61,118.8435382,35.58587212
32,119.2155804,35.7556971
