value,JD,WD
5,119.587028,35.45327792
34,119.3255304,35.12743233
95,119.4686243,35.431049
29,119.5334154,35.422839
190,118.8435382,35.58587212
29,119.2155804,35.7556971
