value,JD,WD
11,119.3255304,35.12743233
12,119.4686243,35.431049
4,119.5334154,35.422839
25,118.8435382,35.58587212
24,119.2155804,35.7556971
