value,JD,WD
8,119.3255304,35.12743233
24,119.4686243,35.431049
3,119.5334154,35.422839
46,118.8435382,35.58587212
21,119.2155804,35.7556971
