value,JD,WD
12,119.3255304,35.12743233
29,119.4686243,35.431049
9,119.5334154,35.422839
50,118.8435382,35.58587212
12,119.2155804,35.7556971
