value,JD,WD
8,119.587028,35.45327792
21,119.3255304,35.12743233
24,119.4686243,35.431049
11,119.5334154,35.422839
83,118.8435382,35.58587212
38,119.2155804,35.7556971
