value,JD,WD
2,119.587028,35.45327792
11,119.3255304,35.12743233
18,119.4686243,35.431049
3,119.5334154,35.422839
47,118.8435382,35.58587212
26,119.2155804,35.7556971
