value,JD,WD
6,119.587028,35.45327792
31,119.3255304,35.12743233
46,119.4686243,35.431049
14,119.5334154,35.422839
141,118.8435382,35.58587212
43,119.2155804,35.7556971
