value,JD,WD
4,119.587028,35.45327792
9,119.3255304,35.12743233
15,119.4686243,35.431049
59,118.8435382,35.58587212
20,119.2155804,35.7556971
