value,JD,WD
3,119.587028,35.45327792
35,119.3255304,35.12743233
57,119.4686243,35.431049
15,119.5334154,35.422839
95,118.8435382,35.58587212
55,119.2155804,35.7556971
