value,JD,WD
2,119.587028,35.45327792
4,119.3255304,35.12743233
35,119.4686243,35.431049
2,119.5334154,35.422839
53,118.8435382,35.58587212
26,119.2155804,35.7556971
