value,JD,WD
12,119.587028,35.45327792
42,119.3255304,35.12743233
47,119.4686243,35.431049
14,119.5334154,35.422839
93,118.8435382,35.58587212
49,119.2155804,35.7556971
