value,JD,WD
3,119.587028,35.45327792
13,119.3255304,35.12743233
25,119.4686243,35.431049
4,119.5334154,35.422839
26,118.8435382,35.58587212
25,119.2155804,35.7556971
