value,JD,WD
6,119.587028,35.45327792
38,119.3255304,35.12743233
63,119.4686243,35.431049
18,119.5334154,35.422839
94,118.8435382,35.58587212
37,119.2155804,35.7556971
