value,JD,WD
6,119.587028,35.45327792
32,119.3255304,35.12743233
34,119.4686243,35.431049
20,119.5334154,35.422839
90,118.8435382,35.58587212
32,119.2155804,35.7556971
