JD,WD,value
119.5734467,35.57720323,1
105.9712604,35.34351848,1
119.3866344,35.28446157,1
119.5301142,35.46771125,2
119.3012309,35.39150145,1
120.3880917,36.30814232,4
118.8011232,35.52220152,3
113.8643611,36.13099864,1
118.9067767,35.58440415,1
