JGDJ,percent
一级,0.7693083900268032
二级,0.6727194978030954
三级,0.5423490311768596
