JGDJ,percent
一级,0.7754071020123156
二级,0.6558012790606396
三级,0.5635756590971596
