JGDJ,percent
一级,0.0
二级,0.652928910372915
三级,0.517468357392721
