JD,WD,value
120.3880917,36.30814232,1
118.9996978,35.80907805,1
