JGDJ,percent
一级,0.8330419724581511
二级,0.7140177711329445
三级,0.5525580668153488
