JGDJ,percent
一级,0.7146734642587871
二级,0.5835242426099432
三级,0.5332606747613863
