JD,WD,value
118.8435382,35.58587212,1
113.8643611,36.13099864,2
118.9067767,35.58440415,1
119.2749927,35.61298018,1
