JGDJ,percent
一级,0.8062464929007541
二级,0.6773407014950789
三级,0.5708320856775714
