JGDJ,percent
一级,0.8345093039238985
二级,0.6716676126533819
三级,0.6560879447775043
