JGDJ,percent
一级,0.7550798247021199
二级,0.7026246271241946
三级,0.5403540910537229
