JGDJ,percent
一级,0.0
二级,0.7081635485799277
三级,0.47426441050650836
