JGDJ,percent
一级,0.16666666666666666
二级,0.0273972602739726
三级,0.11428571428571428
