JD,WD,value
119.5170405,35.53091754,1
117.1689372,28.2246819,1
119.2163458,35.74590734,1
119.1461076,35.65612567,1
