JD,WD,value
119.5734467,35.57720323,1
119.268782,35.29195705,1
119.2860155,35.13672208,1
119.339158,35.17647178,2
119.1934703,35.17300822,1
119.3599022,35.10417597,4
105.9712604,35.34351848,2
119.4586262,35.43829808,1
119.3866344,35.28446157,1
119.5301142,35.46771125,2
119.3012309,35.39150145,1
119.5170405,35.53091754,1
118.6240406,33.84566739,3
113.8643611,36.13099864,1
119.1056767,35.91554883,1
