JGDJ,percent
一级,0.0
二级,0.6679725300224134
三级,0.7060578941480715
