JGDJ,percent
一级,0.0
二级,0.6443436780706008
三级,0.4626730030421994
