JGDJ,percent
一级,0.0
二级,0.6458744136327785
三级,0.4819991750449397
