JGDJ,percent
一级,0.05555555555555555
二级,0.07246376811594203
三级,0.2032520325203252
