JGDJ,percent
一级,0.0
二级,0.7860822066586276
三级,0.5176800187574561
