JD,WD,value
117.1689372,28.2246819,1
