JD,WD,value
106.7371863,30.28648256,1
119.4586262,35.43829808,1
119.5540672,35.3961023,1
112.1380499,29.10446695,1
119.3012309,35.39150145,1
119.5170405,35.53091754,2
118.6240406,33.84566739,1
119.2738349,35.51464975,1
106.9507598,27.70800021,1
