JGDJ,percent
一级,0.0
二级,0.6267902865458452
三级,0.49204250034931524
