JGDJ,percent
一级,0.28
二级,0.12962962962962962
三级,0.08888888888888889
