JD,WD,value
116.7670156,30.60366922,1
119.268782,35.29195705,1
119.5540672,35.3961023,1
117.2007828,34.24453607,1
118.8435382,35.58587212,1
113.8643611,36.13099864,1
119.4246591,35.73670114,1
