JGDJ,percent
一级,0.1919191919191919
二级,0.07142857142857142
三级,0.09407665505226481
