JD,WD,value
119.2860155,35.13672208,1
115.6115866,38.62736949,1
117.1689372,28.2246819,1
119.2155804,35.7556971,1
