JGDJ,percent
一级,0.8706311057286442
二级,0.36118822876179896
三级,0.0
