JD,WD,value
119.268782,35.29195705,1
119.2860155,35.13672208,7
119.339158,35.17647178,2
119.1934703,35.17300822,4
119.3599022,35.10417597,1
119.3866344,35.28446157,1
