JGDJ,percent
一级,0.7128829936984467
二级,0.7107910256057722
三级,0.732497306046557
