JGDJ,percent
一级,0.0
二级,0.7596859830809242
三级,0.5075524832728996
