JD,WD,value
119.4586262,35.43829808,1
119.3012309,35.39150145,1
106.9507598,27.70800021,1
116.2005516,37.43284291,1
120.3880917,36.30814232,1
118.8435382,35.58587212,10
118.8011232,35.52220152,38
113.8643611,36.13099864,20
118.7692124,35.77904003,2
119.2155804,35.7556971,12
119.2163458,35.74590734,55
119.2749927,35.61298018,2
119.3319313,35.86638699,2
119.1056767,35.91554883,4
119.1292477,35.78829172,1
