JD,WD,value
116.7670156,30.60366922,1
119.268782,35.29195705,1
106.7371863,30.28648256,1
119.4686243,35.431049,1
119.4586262,35.43829808,1
119.5301142,35.46771125,1
119.5170405,35.53091754,1
118.6240406,33.84566739,1
117.2007828,34.24453607,1
119.2155804,35.7556971,1
119.2163458,35.74590734,1
119.2749927,35.61298018,1
111.9018348,22.4752086,1
