value,JD,WD
8,119.587028,35.45327792
60,119.3255304,35.12743233
115,119.4686243,35.431049
38,119.5334154,35.422839
228,118.8435382,35.58587212
54,119.2155804,35.7556971
