value,JD,WD
7,119.587028,35.45327792
13,119.3255304,35.12743233
28,119.4686243,35.431049
7,119.5334154,35.422839
74,118.8435382,35.58587212
20,119.2155804,35.7556971
