value,JD,WD
9,119.587028,35.45327792
41,119.3255304,35.12743233
40,119.4686243,35.431049
9,119.5334154,35.422839
180,118.8435382,35.58587212
34,119.2155804,35.7556971
