value,JD,WD
4,119.587028,35.45327792
52,119.3255304,35.12743233
73,119.4686243,35.431049
6,119.5334154,35.422839
256,118.8435382,35.58587212
79,119.2155804,35.7556971
