value,JD,WD
2,119.587028,35.45327792
43,119.3255304,35.12743233
88,119.4686243,35.431049
8,119.5334154,35.422839
259,118.8435382,35.58587212
80,119.2155804,35.7556971
