value,JD,WD
13,119.587028,35.45327792
30,119.3255304,35.12743233
67,119.4686243,35.431049
11,119.5334154,35.422839
188,118.8435382,35.58587212
41,119.2155804,35.7556971
