value,JD,WD
9,119.587028,35.45327792
43,119.3255304,35.12743233
108,119.4686243,35.431049
37,119.5334154,35.422839
272,118.8435382,35.58587212
59,119.2155804,35.7556971
