value,JD,WD
7,119.587028,35.45327792
58,119.3255304,35.12743233
77,119.4686243,35.431049
21,119.5334154,35.422839
232,118.8435382,35.58587212
92,119.2155804,35.7556971
