value,JD,WD
4,119.587028,35.45327792
67,119.3255304,35.12743233
69,119.4686243,35.431049
2,119.5334154,35.422839
196,118.8435382,35.58587212
96,119.2155804,35.7556971
