value,JD,WD
8,119.587028,35.45327792
67,119.3255304,35.12743233
127,119.4686243,35.431049
20,119.5334154,35.422839
287,118.8435382,35.58587212
145,119.2155804,35.7556971
