value,JD,WD
15,119.587028,35.45327792
63,119.3255304,35.12743233
137,119.4686243,35.431049
9,119.5334154,35.422839
275,118.8435382,35.58587212
138,119.2155804,35.7556971
