value,JD,WD
17,119.587028,35.45327792
62,119.3255304,35.12743233
133,119.4686243,35.431049
19,119.5334154,35.422839
268,118.8435382,35.58587212
128,119.2155804,35.7556971
