value,JD,WD
17,119.587028,35.45327792
73,119.3255304,35.12743233
128,119.4686243,35.431049
36,119.5334154,35.422839
265,118.8435382,35.58587212
177,119.2155804,35.7556971
