value,JD,WD
7,119.587028,35.45327792
86,119.3255304,35.12743233
138,119.4686243,35.431049
43,119.5334154,35.422839
337,118.8435382,35.58587212
183,119.2155804,35.7556971
