value,JD,WD
22,119.587028,35.45327792
126,119.3255304,35.12743233
169,119.4686243,35.431049
41,119.5334154,35.422839
355,118.8435382,35.58587212
233,119.2155804,35.7556971
