value,JD,WD
25,119.587028,35.45327792
116,119.3255304,35.12743233
152,119.4686243,35.431049
21,119.5334154,35.422839
309,118.8435382,35.58587212
203,119.2155804,35.7556971
