value,JD,WD
27,119.587028,35.45327792
97,119.3255304,35.12743233
187,119.4686243,35.431049
30,119.5334154,35.422839
371,118.8435382,35.58587212
216,119.2155804,35.7556971
