value,JD,WD
23,119.587028,35.45327792
80,119.3255304,35.12743233
138,119.4686243,35.431049
26,119.5334154,35.422839
382,118.8435382,35.58587212
250,119.2155804,35.7556971
