value,JD,WD
5,119.587028,35.45327792
86,119.3255304,35.12743233
128,119.4686243,35.431049
35,119.5334154,35.422839
369,118.8435382,35.58587212
89,119.2155804,35.7556971
