value,JD,WD
20,119.587028,35.45327792
124,119.3255304,35.12743233
168,119.4686243,35.431049
55,119.5334154,35.422839
450,118.8435382,35.58587212
337,119.2155804,35.7556971
