value,JD,WD
33,119.587028,35.45327792
112,119.3255304,35.12743233
187,119.4686243,35.431049
37,119.5334154,35.422839
449,118.8435382,35.58587212
313,119.2155804,35.7556971
