value,JD,WD
48,119.587028,35.45327792
216,119.3255304,35.12743233
289,119.4686243,35.431049
61,119.5334154,35.422839
769,118.8435382,35.58587212
448,119.2155804,35.7556971
