value,JD,WD
22,119.587028,35.45327792
169,119.3255304,35.12743233
251,119.4686243,35.431049
48,119.5334154,35.422839
619,118.8435382,35.58587212
294,119.2155804,35.7556971
