value,JD,WD
60,119.587028,35.45327792
211,119.3255304,35.12743233
266,119.4686243,35.431049
58,119.5334154,35.422839
773,118.8435382,35.58587212
490,119.2155804,35.7556971
