value,JD,WD
62,119.587028,35.45327792
302,119.3255304,35.12743233
366,119.4686243,35.431049
84,119.5334154,35.422839
899,118.8435382,35.58587212
756,119.2155804,35.7556971
