value,JD,WD
33,119.587028,35.45327792
220,119.3255304,35.12743233
409,119.4686243,35.431049
76,119.5334154,35.422839
957,118.8435382,35.58587212
753,119.2155804,35.7556971
