value,JD,WD
40,119.587028,35.45327792
294,119.3255304,35.12743233
345,119.4686243,35.431049
83,119.5334154,35.422839
995,118.8435382,35.58587212
751,119.2155804,35.7556971
