value,JD,WD
52,119.587028,35.45327792
184,119.3255304,35.12743233
267,119.4686243,35.431049
56,119.5334154,35.422839
761,118.8435382,35.58587212
592,119.2155804,35.7556971
