value,JD,WD
76,119.587028,35.45327792
421,119.3255304,35.12743233
496,119.4686243,35.431049
154,119.5334154,35.422839
1314,118.8435382,35.58587212
986,119.2155804,35.7556971
