value,JD,WD
81,119.587028,35.45327792
331,119.3255304,35.12743233
435,119.4686243,35.431049
88,119.5334154,35.422839
1089,118.8435382,35.58587212
865,119.2155804,35.7556971
