value,JD,WD
3,119.587028,35.45327792
34,119.3255304,35.12743233
104,119.4686243,35.431049
17,119.5334154,35.422839
286,118.8435382,35.58587212
103,119.2155804,35.7556971
