value,JD,WD
24,119.587028,35.45327792
269,119.3255304,35.12743233
355,119.4686243,35.431049
53,119.5334154,35.422839
1022,118.8435382,35.58587212
667,119.2155804,35.7556971
