value,JD,WD
26,119.587028,35.45327792
210,119.3255304,35.12743233
239,119.4686243,35.431049
40,119.5334154,35.422839
737,118.8435382,35.58587212
524,119.2155804,35.7556971
