value,JD,WD
35,119.587028,35.45327792
172,119.3255304,35.12743233
308,119.4686243,35.431049
66,119.5334154,35.422839
392,118.8435382,35.58587212
343,119.2155804,35.7556971
