value,JD,WD
41,119.587028,35.45327792
305,119.3255304,35.12743233
440,119.4686243,35.431049
88,119.5334154,35.422839
984,118.8435382,35.58587212
679,119.2155804,35.7556971
