value,JD,WD
66,119.587028,35.45327792
286,119.3255304,35.12743233
344,119.4686243,35.431049
59,119.5334154,35.422839
701,118.8435382,35.58587212
506,119.2155804,35.7556971
