value,JD,WD
65,119.587028,35.45327792
305,119.3255304,35.12743233
397,119.4686243,35.431049
72,119.5334154,35.422839
783,118.8435382,35.58587212
572,119.2155804,35.7556971
