value,JD,WD
50,119.587028,35.45327792
204,119.3255304,35.12743233
345,119.4686243,35.431049
84,119.5334154,35.422839
632,118.8435382,35.58587212
501,119.2155804,35.7556971
