value,JD,WD
69,119.587028,35.45327792
332,119.3255304,35.12743233
410,119.4686243,35.431049
104,119.5334154,35.422839
1012,118.8435382,35.58587212
868,119.2155804,35.7556971
