value,JD,WD
66,119.587028,35.45327792
347,119.3255304,35.12743233
415,119.4686243,35.431049
62,119.5334154,35.422839
839,118.8435382,35.58587212
696,119.2155804,35.7556971
