value,JD,WD
80,119.587028,35.45327792
365,119.3255304,35.12743233
490,119.4686243,35.431049
145,119.5334154,35.422839
1196,118.8435382,35.58587212
808,119.2155804,35.7556971
