value,JD,WD
43,119.587028,35.45327792
321,119.3255304,35.12743233
419,119.4686243,35.431049
99,119.5334154,35.422839
953,118.8435382,35.58587212
767,119.2155804,35.7556971
