value,JD,WD
55,119.587028,35.45327792
386,119.3255304,35.12743233
417,119.4686243,35.431049
75,119.5334154,35.422839
958,118.8435382,35.58587212
646,119.2155804,35.7556971
