value,JD,WD
60,119.587028,35.45327792
391,119.3255304,35.12743233
544,119.4686243,35.431049
104,119.5334154,35.422839
1290,118.8435382,35.58587212
909,119.2155804,35.7556971
