value,JD,WD
68,119.587028,35.45327792
304,119.3255304,35.12743233
482,119.4686243,35.431049
128,119.5334154,35.422839
1208,118.8435382,35.58587212
826,119.2155804,35.7556971
