value,JD,WD
112,119.587028,35.45327792
424,119.3255304,35.12743233
523,119.4686243,35.431049
136,119.5334154,35.422839
1407,118.8435382,35.58587212
972,119.2155804,35.7556971
