value,JD,WD
1,119.3255304,35.12743233
21,119.4686243,35.431049
45,118.8435382,35.58587212
19,119.2155804,35.7556971
