value,JD,WD
89,119.587028,35.45327792
433,119.3255304,35.12743233
583,119.4686243,35.431049
104,119.5334154,35.422839
1481,118.8435382,35.58587212
1072,119.2155804,35.7556971
