value,JD,WD
73,119.587028,35.45327792
309,119.3255304,35.12743233
465,119.4686243,35.431049
147,119.5334154,35.422839
1104,118.8435382,35.58587212
695,119.2155804,35.7556971
