value,JD,WD
82,119.587028,35.45327792
378,119.3255304,35.12743233
551,119.4686243,35.431049
151,119.5334154,35.422839
1340,118.8435382,35.58587212
950,119.2155804,35.7556971
