value,JD,WD
51,119.587028,35.45327792
294,119.3255304,35.12743233
438,119.4686243,35.431049
93,119.5334154,35.422839
932,118.8435382,35.58587212
603,119.2155804,35.7556971
