value,JD,WD
74,119.587028,35.45327792
289,119.3255304,35.12743233
617,119.4686243,35.431049
139,119.5334154,35.422839
1267,118.8435382,35.58587212
872,119.2155804,35.7556971
