value,JD,WD
57,119.587028,35.45327792
336,119.3255304,35.12743233
415,119.4686243,35.431049
115,119.5334154,35.422839
1333,118.8435382,35.58587212
785,119.2155804,35.7556971
