value,JD,WD
44,119.587028,35.45327792
260,119.3255304,35.12743233
332,119.4686243,35.431049
64,119.5334154,35.422839
978,118.8435382,35.58587212
576,119.2155804,35.7556971
