value,JD,WD
41,119.587028,35.45327792
228,119.3255304,35.12743233
404,119.4686243,35.431049
132,119.5334154,35.422839
1084,118.8435382,35.58587212
735,119.2155804,35.7556971
