value,JD,WD
29,119.587028,35.45327792
216,119.3255304,35.12743233
385,119.4686243,35.431049
59,119.5334154,35.422839
817,118.8435382,35.58587212
589,119.2155804,35.7556971
