value,JD,WD
66,119.587028,35.45327792
254,119.3255304,35.12743233
442,119.4686243,35.431049
103,119.5334154,35.422839
997,118.8435382,35.58587212
725,119.2155804,35.7556971
