value,JD,WD
17,119.587028,35.45327792
234,119.3255304,35.12743233
319,119.4686243,35.431049
62,119.5334154,35.422839
805,118.8435382,35.58587212
545,119.2155804,35.7556971
