value,JD,WD
48,119.587028,35.45327792
202,119.3255304,35.12743233
425,119.4686243,35.431049
101,119.5334154,35.422839
974,118.8435382,35.58587212
725,119.2155804,35.7556971
