value,JD,WD
19,119.587028,35.45327792
256,119.3255304,35.12743233
315,119.4686243,35.431049
47,119.5334154,35.422839
663,118.8435382,35.58587212
451,119.2155804,35.7556971
