value,JD,WD
29,119.587028,35.45327792
209,119.3255304,35.12743233
218,119.4686243,35.431049
49,119.5334154,35.422839
628,118.8435382,35.58587212
379,119.2155804,35.7556971
