value,JD,WD
28,119.587028,35.45327792
101,119.3255304,35.12743233
186,119.4686243,35.431049
25,119.5334154,35.422839
342,118.8435382,35.58587212
172,119.2155804,35.7556971
