value,JD,WD
1,119.3255304,35.12743233
3,119.4686243,35.431049
1,119.5334154,35.422839
23,118.8435382,35.58587212
22,119.2155804,35.7556971
