value,JD,WD
2,119.587028,35.45327792
10,119.3255304,35.12743233
12,119.4686243,35.431049
2,119.5334154,35.422839
59,118.8435382,35.58587212
18,119.2155804,35.7556971
