value,JD,WD
30,119.587028,35.45327792
119,119.3255304,35.12743233
208,119.4686243,35.431049
60,119.5334154,35.422839
383,118.8435382,35.58587212
207,119.2155804,35.7556971
