value,JD,WD
17,119.587028,35.45327792
109,119.3255304,35.12743233
178,119.4686243,35.431049
61,119.5334154,35.422839
499,118.8435382,35.58587212
304,119.2155804,35.7556971
