value,JD,WD
19,119.587028,35.45327792
95,119.3255304,35.12743233
108,119.4686243,35.431049
50,119.5334154,35.422839
326,118.8435382,35.58587212
182,119.2155804,35.7556971
