value,JD,WD
7,119.587028,35.45327792
107,119.3255304,35.12743233
232,119.4686243,35.431049
43,119.5334154,35.422839
399,118.8435382,35.58587212
236,119.2155804,35.7556971
