value,JD,WD
24,119.587028,35.45327792
59,119.3255304,35.12743233
80,119.4686243,35.431049
29,119.5334154,35.422839
248,118.8435382,35.58587212
163,119.2155804,35.7556971
