value,JD,WD
6,119.587028,35.45327792
88,119.3255304,35.12743233
155,119.4686243,35.431049
28,119.5334154,35.422839
344,118.8435382,35.58587212
190,119.2155804,35.7556971
