value,JD,WD
11,119.587028,35.45327792
87,119.3255304,35.12743233
86,119.4686243,35.431049
42,119.5334154,35.422839
254,118.8435382,35.58587212
138,119.2155804,35.7556971
