value,JD,WD
16,119.587028,35.45327792
93,119.3255304,35.12743233
109,119.4686243,35.431049
24,119.5334154,35.422839
308,118.8435382,35.58587212
190,119.2155804,35.7556971
