value,JD,WD
10,119.587028,35.45327792
72,119.3255304,35.12743233
108,119.4686243,35.431049
16,119.5334154,35.422839
234,118.8435382,35.58587212
145,119.2155804,35.7556971
