value,JD,WD
10,119.587028,35.45327792
40,119.3255304,35.12743233
62,119.4686243,35.431049
28,119.5334154,35.422839
161,118.8435382,35.58587212
81,119.2155804,35.7556971
