value,JD,WD
7,119.587028,35.45327792
27,119.3255304,35.12743233
74,119.4686243,35.431049
22,119.5334154,35.422839
135,118.8435382,35.58587212
85,119.2155804,35.7556971
