value,JD,WD
7,119.587028,35.45327792
68,119.3255304,35.12743233
88,119.4686243,35.431049
19,119.5334154,35.422839
230,118.8435382,35.58587212
57,119.2155804,35.7556971
