value,JD,WD
2,119.4686243,35.431049
1,119.5334154,35.422839
3,118.8435382,35.58587212
