value,JD,WD
3,119.587028,35.45327792
4,119.3255304,35.12743233
2,119.5334154,35.422839
27,118.8435382,35.58587212
19,119.2155804,35.7556971
