value,JD,WD
11,119.587028,35.45327792
22,119.3255304,35.12743233
32,119.4686243,35.431049
13,119.5334154,35.422839
142,118.8435382,35.58587212
61,119.2155804,35.7556971
