value,JD,WD
1,119.587028,35.45327792
17,119.3255304,35.12743233
36,119.4686243,35.431049
3,119.5334154,35.422839
73,118.8435382,35.58587212
30,119.2155804,35.7556971
