value,JD,WD
1,119.587028,35.45327792
20,119.3255304,35.12743233
28,119.4686243,35.431049
2,119.5334154,35.422839
76,118.8435382,35.58587212
49,119.2155804,35.7556971
