value,JD,WD
1,119.587028,35.45327792
9,119.3255304,35.12743233
16,119.4686243,35.431049
3,119.5334154,35.422839
64,118.8435382,35.58587212
24,119.2155804,35.7556971
