value,JD,WD
6,119.3255304,35.12743233
22,119.4686243,35.431049
3,119.5334154,35.422839
48,118.8435382,35.58587212
35,119.2155804,35.7556971
