value,JD,WD
7,119.3255304,35.12743233
11,119.4686243,35.431049
4,119.5334154,35.422839
17,118.8435382,35.58587212
28,119.2155804,35.7556971
