value,JD,WD
7,119.3255304,35.12743233
9,119.4686243,35.431049
28,118.8435382,35.58587212
7,119.2155804,35.7556971
