value,JD,WD
3,119.3255304,35.12743233
10,119.4686243,35.431049
18,118.8435382,35.58587212
8,119.2155804,35.7556971
