value,JD,WD
1,119.587028,35.45327792
14,119.3255304,35.12743233
6,119.4686243,35.431049
2,119.5334154,35.422839
16,118.8435382,35.58587212
1,119.2155804,35.7556971
