value,JD,WD
2,119.5334154,35.422839
4,119.2155804,35.7556971
