value,JD,WD
1,119.3255304,35.12743233
4,119.4686243,35.431049
4,118.8435382,35.58587212
11,119.2155804,35.7556971
