value,JD,WD
2,119.4686243,35.431049
3,118.8435382,35.58587212
2,119.2155804,35.7556971
