value,JD,WD
2,118.8435382,35.58587212
1,119.2155804,35.7556971
