JD,WD,value
119.3866344,35.28446157,1
118.9799089,35.92304007,1
119.2163458,35.74590734,1
119.1292477,35.78829172,1
