JGDJ,percent
一级,0.0
二级,0.6423129222905941
三级,0.540939310193131
