JGDJ,percent
一级,0.0
二级,0.7396721743137384
三级,0.5607218916557283
