JD,WD,value
118.895378,35.87753653,1
115.6151801,38.90127817,1
106.3741305,31.87138456,1
118.8150764,35.8120243,1
112.9563338,34.92070114,2
118.8435382,35.58587212,7
118.7692124,35.77904003,1
