JGDJ,percent
一级,0.0
二级,0.7094700931141676
三级,0.7032440297510969
