JD,WD,value
119.268782,35.29195705,1
119.1934703,35.17300822,1
118.6240406,33.84566739,1
115.6115866,38.62736949,1
118.8435382,35.58587212,2
