JGDJ,percent
一级,0.9461021755214655
二级,0.6052586571863549
三级,0.8867832034269811
