JD,WD,value
119.3012309,35.39150145,1
120.3880917,36.30814232,2
115.6151801,38.90127817,1
106.3741305,31.87138456,14
108.4963313,30.77400589,2
118.8435382,35.58587212,27
113.8643611,36.13099864,136
118.9067767,35.58440415,2
118.931584,35.46998243,284
115.4590891,38.53731644,4
119.2155804,35.7556971,1
119.2163458,35.74590734,6
119.2749927,35.61298018,12
119.1461076,35.65612567,2
