JGDJ,percent
一级,0.8788892537323677
二级,0.6627118387930322
三级,0.6582893359561613
