JGDJ,percent
一级,0.0
二级,0.6840714454490756
三级,0.5191173679875227
