JD,WD,value
116.7670156,30.60366922,1
119.268782,35.29195705,1
119.2860155,35.13672208,1
105.9712604,35.34351848,2
119.4686243,35.431049,1
119.3012309,35.39150145,1
106.3741305,31.87138456,1
118.8011232,35.52220152,1
118.9721459,35.9918261,1
