JGDJ,percent
一级,0.7991410233125331
二级,0.5878874009292157
三级,0.4334803041354113
