JGDJ,percent
一级,0.4578991833286397
二级,0.5286409099823495
三级,0.0
