JD,WD,value
116.7670156,30.60366922,1
119.5540672,35.3961023,1
119.3012309,35.39150145,3
115.6115866,38.62736949,1
118.895378,35.87753653,4
115.6151801,38.90127817,8
108.4963313,30.77400589,1
118.8435382,35.58587212,11
118.8011232,35.52220152,2
113.8643611,36.13099864,2
117.1689372,28.2246819,1
115.4590891,38.53731644,2
119.2155804,35.7556971,1
118.9996978,35.80907805,1
119.2749927,35.61298018,2
