JD,WD,value
116.2979565,35.41008808,1
118.9893251,35.40548657,1
119.3599022,35.10417597,1
119.4586262,35.43829808,1
112.1380499,29.10446695,1
119.5301142,35.46771125,1
115.6115866,38.62736949,1
118.8150764,35.8120243,1
113.8643611,36.13099864,1
119.4610803,35.68345171,1
