JGDJ,percent
一级,0.0
二级,0.6448564826868003
三级,0.5028248659496778
