JGDJ,percent
一级,0.0
二级,0.6348533658344164
三级,0.7603402679140985
