JD,WD,value
119.1934703,35.17300822,1
119.3866344,35.28446157,1
118.6240406,33.84566739,2
106.9507598,27.70800021,2
106.3741305,31.87138456,1
118.8435382,35.58587212,1
