JGDJ,percent
一级,0.0
二级,0.5234906636180522
三级,0.47713030703311343
