JD,WD,value
116.2005516,37.43284291,1
118.8435382,35.58587212,3
113.8643611,36.13099864,60
119.2155804,35.7556971,4
119.2163458,35.74590734,9
118.9996978,35.80907805,1
119.2749927,35.61298018,13
