JGDJ,percent
一级,0.46359534020354615
二级,0.6035655309946129
三级,0.0
