JGDJ,percent
一级,0.0
二级,0.6424936381774512
三级,0.6989589962873614
