JD,WD,value
118.895378,35.87753653,1
115.6151801,38.90127817,1
118.8435382,35.58587212,1
