JD,WD,value
119.268782,35.29195705,1
118.8435382,35.58587212,1
119.3319313,35.86638699,1
