JGDJ,percent
一级,0.859786704364141
二级,0.8924608936765759
三级,0.438892227895905
