JD,WD,value
119.1934703,35.17300822,1
119.2738349,35.51464975,1
118.8435382,35.58587212,3
118.931584,35.46998243,25
