JGDJ,percent
一级,0.8515837899304655
二级,0.706650022192184
三级,0.5212413272404742
