JD,WD,value
119.268782,35.29195705,1
105.9712604,35.34351848,1
106.9507598,27.70800021,1
118.9460049,35.65733871,1
118.9721459,35.9918261,1
