JD,WD,value
106.3741305,31.87138456,1
119.2163458,35.74590734,1
119.2749927,35.61298018,3
