JGDJ,percent
一级,0.8594176940685113
二级,0.0
三级,0.48972468044652645
