JD,WD,value
119.268782,35.29195705,1
118.7800798,35.59681379,1
116.2005516,37.43284291,1
120.3880917,36.30814232,1
118.8435382,35.58587212,6
113.8643611,36.13099864,1
119.2155804,35.7556971,5
119.2163458,35.74590734,3
119.3319313,35.86638699,1
119.1056767,35.91554883,1
