JD,WD,value
119.1934703,35.17300822,1
119.4686243,35.431049,1
119.5301142,35.46771125,1
