JD,WD,value
119.5734467,35.57720323,1
119.4686243,35.431049,2
118.6240406,33.84566739,2
118.895378,35.87753653,7
115.6151801,38.90127817,9
108.4963313,30.77400589,1
118.8435382,35.58587212,2
118.8011232,35.52220152,1
118.9067767,35.58440415,2
118.9460049,35.65733871,3
118.9721459,35.9918261,1
118.7692124,35.77904003,1
119.2155804,35.7556971,2
119.3319313,35.86638699,1
