JGDJ,percent
一级,0.0
二级,0.6477045939353433
三级,0.4800454094648794
