JGDJ,percent
一级,0.0
二级,0.4803412462908012
三级,0.6725029688955787
