JD,WD,value
119.1934703,35.17300822,1
106.3741305,31.87138456,1
