JGDJ,percent
一级,0.0
二级,0.5551445912689534
三级,0.6366288248550804
