JD,WD,value
119.4586262,35.43829808,1
119.4610803,35.68345171,1
