JGDJ,percent
一级,0.0
二级,0.7536014582230848
三级,0.5071457586043085
