JGDJ,percent
一级,0.7911882959597186
二级,0.8146731963043781
三级,0.4411843259948872
