JD,WD,value
116.7670156,30.60366922,1
119.268782,35.29195705,1
118.9893251,35.40548657,1
119.339158,35.17647178,1
119.1934703,35.17300822,1
117.2007828,34.24453607,1
120.3880917,36.30814232,1
