JGDJ,percent
一级,0.9757200863930885
二级,0.0
三级,0.6232728137925361
