JD,WD,value
119.3012309,35.39150145,1
118.8011232,35.52220152,1
