JD,WD,value
119.2860155,35.13672208,1
113.8643611,36.13099864,1
