JGDJ,percent
一级,0.9581535360086265
二级,0.6406444116867456
三级,0.6839574536050147
