JD,WD,value
115.6151801,38.90127817,1
118.8435382,35.58587212,1
119.4246591,35.73670114,1
