JD,WD,value
119.2860155,35.13672208,1
119.3012309,35.39150145,1
118.8435382,35.58587212,1
119.2749927,35.61298018,1
