JD,WD,value
116.2979565,35.41008808,3
118.9893251,35.40548657,2
119.339158,35.17647178,1
119.3599022,35.10417597,1
119.4686243,35.431049,1
119.4586262,35.43829808,2
112.1380499,29.10446695,1
115.6115866,38.62736949,1
116.2005516,37.43284291,2
118.8435382,35.58587212,5
117.1689372,28.2246819,1
118.9799089,35.92304007,1
