JGDJ,percent
一级,0.8902809464832802
二级,0.0
三级,0.4771628018315216
