JGDJ,percent
一级,0.7174464436690999
二级,0.41335227272727276
三级,0.0
