JD,WD,value
118.7692124,35.77904003,1
119.2155804,35.7556971,1
111.9018348,22.4752086,1
