JD,WD,value
119.4586262,35.43829808,1
118.8435382,35.58587212,2
