JD,WD,value
119.5734467,35.57720323,2
119.339158,35.17647178,1
119.4586262,35.43829808,1
119.2163458,35.74590734,1
