JD,WD,value
119.1934703,35.17300822,1
105.9712604,35.34351848,1
119.4686243,35.431049,1
118.8435382,35.58587212,1
