JGDJ,percent
一级,0.5986484259106643
二级,0.0
三级,0.5704865928288383
