JD,WD,value
119.2860155,35.13672208,1
119.5301142,35.46771125,1
112.9563338,34.92070114,1
