JGDJ,percent
一级,0.9052849803367402
二级,0.6018105484124902
三级,0.5331015667128114
