JD,WD,value
116.7670156,30.60366922,1
118.9893251,35.40548657,1
119.4686243,35.431049,3
119.4586262,35.43829808,2
119.3866344,35.28446157,4
119.5170405,35.53091754,1
106.9507598,27.70800021,1
115.6115866,38.62736949,2
116.2005516,37.43284291,1
120.3880917,36.30814232,3
118.895378,35.87753653,1
112.9563338,34.92070114,1
118.8435382,35.58587212,1
118.8011232,35.52220152,1
113.8643611,36.13099864,1
119.2155804,35.7556971,1
119.2749927,35.61298018,1
