JGDJ,percent
一级,0.0
二级,0.7365706002555752
三级,0.5738155437362281
