JD,WD,value
119.3012309,35.39150145,1
118.9799089,35.92304007,1
