JD,WD,value
119.268782,35.29195705,1
119.4586262,35.43829808,1
119.5301142,35.46771125,1
118.6240406,33.84566739,1
120.3880917,36.30814232,1
119.2155804,35.7556971,3
