JGDJ,percent
一级,0.0
二级,0.90546664290382
三级,0.6719631253585637
