JD,WD,value
119.268782,35.29195705,1
119.3599022,35.10417597,1
106.9507598,27.70800021,1
108.4963313,30.77400589,1
118.8435382,35.58587212,1
118.8011232,35.52220152,1
119.2155804,35.7556971,1
