JGDJ,percent
一级,0.0
二级,0.7165078082827818
三级,0.5835906393627432
