JGDJ,percent
一级,0.9762711864406779
二级,0.7867859007389035
三级,0.7251558775072374
