JGDJ,percent
一级,1.0
二级,0.06514657980456026
三级,0.06666666666666667
