JGDJ,percent
一级,0.9446341912412705
二级,0.6319956062488905
三级,0.5550956364595057
