JD,WD,value
119.2860155,35.13672208,1
120.3880917,36.30814232,1
118.8435382,35.58587212,1
118.8011232,35.52220152,1
119.2155804,35.7556971,1
119.4610803,35.68345171,1
