JD,WD,value
118.7800798,35.59681379,1
113.8643611,36.13099864,1
