JD,WD,value
119.2155804,35.7556971,2
119.2163458,35.74590734,13
119.2749927,35.61298018,2
