JD,WD,value
106.3741305,31.87138456,1
118.8435382,35.58587212,5
118.8011232,35.52220152,1
118.931584,35.46998243,20
119.2749927,35.61298018,1
