JGDJ,percent
一级,0.7320947986767328
二级,0.6704692722630978
三级,0.33677749424754067
