JGDJ,percent
一级,0.6161919831223629
二级,0.6841044951753354
三级,0.0
