JD,WD,value
119.268782,35.29195705,3
119.3599022,35.10417597,2
119.5301142,35.46771125,1
