JGDJ,percent
一级,0.681098891997894
二级,0.6522682132107781
三级,0.48364722209549266
