JD,WD,value
119.1934703,35.17300822,1
119.3599022,35.10417597,1
119.4686243,35.431049,1
119.3866344,35.28446157,1
118.6240406,33.84566739,1
