JGDJ,percent
一级,0.0
二级,0.899042428139582
三级,0.7034956554538977
