JD,WD,value
118.6240406,33.84566739,1
118.9721459,35.9918261,1
