JGDJ,percent
一级,0.0
二级,0.6448615512069624
三级,0.5734506115780839
