JGDJ,percent
一级,0.8426288757941746
二级,0.6345319374344788
三级,0.5450053649214651
