JD,WD,value
119.268782,35.29195705,1
119.2860155,35.13672208,1
106.7371863,30.28648256,1
119.1934703,35.17300822,1
119.3599022,35.10417597,1
119.4586262,35.43829808,2
119.5540672,35.3961023,1
119.3866344,35.28446157,1
120.3880917,36.30814232,1
118.8435382,35.58587212,3
119.2155804,35.7556971,1
119.3319313,35.86638699,2
119.1056767,35.91554883,1
