JD,WD,value
116.2979565,35.41008808,1
115.6151801,38.90127817,1
118.9460049,35.65733871,1
118.9799089,35.92304007,1
119.4610803,35.68345171,1
