JD,WD,value
119.5734467,35.57720323,1
116.7670156,30.60366922,1
119.268782,35.29195705,2
106.7371863,30.28648256,1
119.339158,35.17647178,1
119.3866344,35.28446157,1
118.6240406,33.84566739,1
118.8011232,35.52220152,1
119.2155804,35.7556971,2
118.9996978,35.80907805,1
119.2749927,35.61298018,1
119.3319313,35.86638699,1
