JGDJ,percent
一级,0.71489402205223
二级,0.809139121620852
三级,0.5847813804109712
