JGDJ,percent
一级,0.0
二级,0.6975055024521498
三级,0.6783418025471059
