JD,WD,value
119.2860155,35.13672208,1
119.1934703,35.17300822,1
119.3599022,35.10417597,2
119.4586262,35.43829808,4
119.5540672,35.3961023,1
119.3866344,35.28446157,1
119.3012309,35.39150145,3
119.2738349,35.51464975,1
115.6115866,38.62736949,2
118.8435382,35.58587212,2
115.4590891,38.53731644,2
119.2749927,35.61298018,3
