JD,WD,value
119.2163458,35.74590734,1
