JD,WD,value
119.4586262,35.43829808,1
119.3866344,35.28446157,1
106.9507598,27.70800021,1
120.3880917,36.30814232,2
119.4246591,35.73670114,1
