JD,WD,value
119.5734467,35.57720323,1
