JGDJ,percent
一级,0.0
二级,0.6868467776669257
三级,0.574013659337856
