JGDJ,percent
一级,0.0
二级,0.653156434775248
三级,0.47366527771169104
