JD,WD,value
119.5734467,35.57720323,2
116.7670156,30.60366922,1
119.268782,35.29195705,1
119.1934703,35.17300822,1
119.3599022,35.10417597,2
119.4586262,35.43829808,6
119.3866344,35.28446157,1
119.3012309,35.39150145,1
119.5170405,35.53091754,1
118.6240406,33.84566739,2
106.9507598,27.70800021,1
119.2163458,35.74590734,5
118.9996978,35.80907805,1
119.2749927,35.61298018,1
119.4610803,35.68345171,1
119.4246591,35.73670114,1
119.1292477,35.78829172,2
