JGDJ,percent
一级,0.0
二级,0.7654111275496472
三级,0.6561482794719002
