JD,WD,value
119.4686243,35.431049,1
119.4586262,35.43829808,1
115.6115866,38.62736949,1
116.2005516,37.43284291,1
118.895378,35.87753653,1
