JGDJ,percent
一级,0.9026851425942963
二级,0.7000694402697549
三级,0.5281826080850611
