JD,WD,value
119.4586262,35.43829808,4
119.3866344,35.28446157,2
119.3012309,35.39150145,2
118.6240406,33.84566739,2
119.2738349,35.51464975,2
115.6115866,38.62736949,2
120.3880917,36.30814232,1
115.6151801,38.90127817,2
118.9460049,35.65733871,2
119.2749927,35.61298018,1
