JGDJ,percent
一级,0.4698215456836147
二级,0.0
三级,0.4210738292317094
