JGDJ,percent
一级,0.7339282946813145
二级,0.0
三级,0.4886537544755789
