JGDJ,percent
一级,0.0
二级,0.605641518304274
三级,0.4948012655861644
