JGDJ,percent
一级,0.0
二级,0.7840354289129869
三级,0.7225374948965436
