JD,WD,value
118.6240406,33.84566739,1
117.2007828,34.24453607,1
120.3880917,36.30814232,1
118.895378,35.87753653,1
108.4963313,30.77400589,1
119.2163458,35.74590734,1
119.2749927,35.61298018,1
