JGDJ,percent
一级,0.8989700485379426
二级,0.7186057492184047
三级,0.5890755044195294
