JGDJ,percent
一级,0.0
二级,0.8486818199986707
三级,0.7440991125599754
