JD,WD,value
119.1934703,35.17300822,1
112.1380499,29.10446695,1
118.895378,35.87753653,1
113.8643611,36.13099864,1
