JD,WD,value
112.1380499,29.10446695,1
116.2005516,37.43284291,1
106.3741305,31.87138456,1
117.1689372,28.2246819,1
118.9996978,35.80907805,1
