JGDJ,percent
一级,0.6762406467704482
二级,0.45714285714285713
三级,0.0
