JD,WD,value
119.3866344,35.28446157,1
120.3880917,36.30814232,1
112.9563338,34.92070114,1
119.4610803,35.68345171,1
