JD,WD,value
119.2860155,35.13672208,4
119.1934703,35.17300822,4
119.3599022,35.10417597,2
105.9712604,35.34351848,1
115.6151801,38.90127817,1
112.9563338,34.92070114,1
