JD,WD,value
119.4686243,35.431049,1
118.6240406,33.84566739,1
