JD,WD,value
119.4586262,35.43829808,1
119.3866344,35.28446157,1
119.3012309,35.39150145,1
