JGDJ,percent
一级,0.0
二级,0.5930450654455272
三级,0.7613418816648065
