JGDJ,percent
一级,0.0
二级,0.57477054313789
三级,0.49875907610886927
