JD,WD,value
119.339158,35.17647178,2
