JD,WD,value
116.2005516,37.43284291,1
120.3880917,36.30814232,1
112.9563338,34.92070114,1
