JD,WD,value
106.7371863,30.28648256,1
119.4586262,35.43829808,1
118.6240406,33.84566739,1
118.895378,35.87753653,1
119.2155804,35.7556971,1
119.2163458,35.74590734,3
119.4610803,35.68345171,1
