JGDJ,percent
一级,0.0
二级,0.5992837069164908
三级,0.5409609799311477
