JGDJ,percent
一级,0.74555400236861
二级,0.5797430971575148
三级,0.0
