JD,WD,value
118.895378,35.87753653,1
118.9460049,35.65733871,1
