JD,WD,value
118.7800798,35.59681379,1
116.2005516,37.43284291,2
120.3880917,36.30814232,1
118.895378,35.87753653,1
115.6151801,38.90127817,1
118.8435382,35.58587212,5
117.1689372,28.2246819,2
