JD,WD,value
119.4586262,35.43829808,1
119.3866344,35.28446157,1
116.2005516,37.43284291,1
118.895378,35.87753653,1
118.8435382,35.58587212,1
117.1689372,28.2246819,2
119.2155804,35.7556971,1
119.2749927,35.61298018,2
119.3319313,35.86638699,1
