JD,WD,value
105.9712604,35.34351848,1
118.8435382,35.58587212,1
