JD,WD,value
119.4686243,35.431049,1
113.8643611,36.13099864,1
