JD,WD,value
119.4586262,35.43829808,1
116.2005516,37.43284291,1
118.8435382,35.58587212,1
