JD,WD,value
105.9712604,35.34351848,1
112.1380499,29.10446695,1
118.6240406,33.84566739,2
117.2007828,34.24453607,1
118.8435382,35.58587212,2
118.9067767,35.58440415,1
118.931584,35.46998243,1
115.4590891,38.53731644,1
118.9721459,35.9918261,1
