JD,WD,value
119.5734467,35.57720323,1
112.1380499,29.10446695,1
