JGDJ,percent
一级,0.0
二级,0.5992485569686267
三级,0.9209689581718925
