JD,WD,value
106.7371863,30.28648256,1
119.4586262,35.43829808,2
118.9067767,35.58440415,1
118.9996978,35.80907805,1
119.2749927,35.61298018,1
