JGDJ,percent
一级,0.0
二级,0.6968048451129571
三级,0.6707418620716763
