JGDJ,percent
一级,0.9170032652074012
二级,0.0
三级,0.6524979199179333
