JGDJ,percent
一级,0.9488457310370099
二级,0.0
三级,0.6801351203773386
