JGDJ,percent
一级,0.8398197989751406
二级,0.6979681571064713
三级,0.5048492089288695
