JGDJ,percent
一级,0.0
二级,0.9213014099148853
三级,0.622910781544256
