JD,WD,value
105.9712604,35.34351848,1
119.3012309,35.39150145,1
106.9507598,27.70800021,1
118.8435382,35.58587212,1
118.9996978,35.80907805,1
119.1056767,35.91554883,1
