JD,WD,value
116.2979565,35.41008808,1
119.3599022,35.10417597,1
118.7800798,35.59681379,1
115.6151801,38.90127817,1
