JD,WD,value
106.7371863,30.28648256,2
120.3880917,36.30814232,1
118.8435382,35.58587212,1
118.9460049,35.65733871,1
118.7692124,35.77904003,1
119.2155804,35.7556971,1
119.4610803,35.68345171,1
119.3319313,35.86638699,1
