JD,WD,value
118.6240406,33.84566739,1
118.7800798,35.59681379,1
116.2005516,37.43284291,2
118.895378,35.87753653,1
118.8150764,35.8120243,1
118.8435382,35.58587212,2
118.8011232,35.52220152,1
