JD,WD,value
116.2979565,35.41008808,1
105.9712604,35.34351848,1
117.2007828,34.24453607,1
106.9507598,27.70800021,1
119.2155804,35.7556971,1
