JGDJ,percent
一级,0.7138005196726249
二级,0.6425880866950447
三级,0.6163913932417033
