JGDJ,percent
一级,0.9206681799662417
二级,0.6606207596814752
三级,0.43293437385047073
