JD,WD,value
119.5734467,35.57720323,1
105.9712604,35.34351848,1
119.4586262,35.43829808,2
112.1380499,29.10446695,1
117.2007828,34.24453607,1
118.9721459,35.9918261,1
119.2155804,35.7556971,1
119.2163458,35.74590734,1
