JGDJ,percent
一级,0.8691673480339916
二级,0.5595454520904559
三级,0.5187448461406121
