JD,WD,value
116.7670156,30.60366922,1
119.268782,35.29195705,5
118.9893251,35.40548657,1
119.2860155,35.13672208,3
119.339158,35.17647178,2
119.1934703,35.17300822,1
119.4686243,35.431049,1
119.5301142,35.46771125,1
