JGDJ,percent
一级,0.9661121575618518
二级,0.8562897362923664
三级,0.8401811147727847
