JD,WD,value
105.9712604,35.34351848,1
119.4686243,35.431049,1
119.5540672,35.3961023,5
119.3866344,35.28446157,2
119.5301142,35.46771125,1
119.3012309,35.39150145,1
118.6240406,33.84566739,2
