JD,WD,value
119.268782,35.29195705,1
119.3012309,35.39150145,1
118.8435382,35.58587212,2
119.2163458,35.74590734,1
