JD,WD,value
119.4686243,35.431049,1
118.8011232,35.52220152,1
