JGDJ,percent
一级,0.0
二级,0.3013111292578659
三级,0.20553641848795112
