JGDJ,percent
一级,0.03246376811594203
二级,0.3980498514325762
三级,0.2289259253813173
