JD,WD,value
119.2163458,35.74590734,1
119.3964308,35.50585644,1
