JD,WD,value
116.2979565,35.41008808,1
119.1934703,35.17300822,1
119.4586262,35.43829808,2
119.5301142,35.46771125,1
