JD,WD,value
119.4586262,35.43829808,1
119.1292477,35.78829172,1
