JD,WD,value
119.5734467,35.57720323,1
119.268782,35.29195705,2
106.7371863,30.28648256,1
119.1934703,35.17300822,2
119.3599022,35.10417597,2
119.4686243,35.431049,1
119.4586262,35.43829808,3
119.3866344,35.28446157,1
112.1380499,29.10446695,1
119.5301142,35.46771125,1
117.2007828,34.24453607,1
106.9507598,27.70800021,4
118.7800798,35.59681379,1
118.8011232,35.52220152,1
119.2155804,35.7556971,1
118.9996978,35.80907805,3
