JGDJ,percent
一级,0.0
二级,0.5707917293845374
三级,0.6234111809186539
