JGDJ,percent
一级,0.8558580225128675
二级,0.6632267785624139
三级,0.48764779905541955
