JGDJ,percent
一级,0.8236237035475892
二级,0.6546447270229704
三级,0.47052901297921507
