JD,WD,value
116.7670156,30.60366922,2
117.2007828,34.24453607,1
118.8435382,35.58587212,1
118.8011232,35.52220152,3
117.1689372,28.2246819,1
118.931584,35.46998243,1
119.2163458,35.74590734,38
119.3319313,35.86638699,1
