JD,WD,value
119.339158,35.17647178,1
119.1934703,35.17300822,1
119.4586262,35.43829808,1
118.6240406,33.84566739,1
115.6115866,38.62736949,1
118.8150764,35.8120243,1
112.9563338,34.92070114,1
118.8435382,35.58587212,6
115.4590891,38.53731644,1
118.9799089,35.92304007,2
119.2155804,35.7556971,2
119.2163458,35.74590734,1
119.3319313,35.86638699,1
119.1461076,35.65612567,1
