JGDJ,percent
一级,0.8830532461201342
二级,0.7213439382394488
三级,0.5356917507282765
