JGDJ,percent
一级,0.9494221267968745
二级,0.0
三级,0.39085689013912955
