JGDJ,percent
一级,0.2728110599078341
二级,0.7137965914282617
三级,0.48352334629268334
