JD,WD,value
116.2979565,35.41008808,1
119.268782,35.29195705,2
119.3866344,35.28446157,1
117.2007828,34.24453607,1
119.2163458,35.74590734,1
