JD,WD,value
118.8435382,35.58587212,3
118.8011232,35.52220152,1
