JGDJ,percent
一级,0.8546860971882823
二级,0.8003333362063021
三级,0.7282540441945995
