JGDJ,percent
一级,0.8653514744406122
二级,0.6158816265325924
三级,0.0
