JGDJ,percent
一级,0.8762936329494387
二级,0.6704445815276129
三级,0.563667295051372
