JGDJ,percent
一级,0.15384615384615385
二级,0.0
三级,0.056818181818181816
