JD,WD,value
119.2155804,35.7556971,15
119.1056767,35.91554883,6
