JGDJ,percent
一级,0.8694414401242152
二级,0.6765505925267211
三级,0.5939177056210934
