JGDJ,percent
一级,0.8634470554989888
二级,0.6581364667804183
三级,0.6600868984891338
