JGDJ,percent
一级,0.8145270339636808
二级,0.6381922782843714
三级,0.5717413565924775
