JGDJ,percent
一级,0.8363455452934135
二级,0.6659852430611555
三级,0.624290464538443
