JD,WD,value
116.7670156,30.60366922,1
117.2007828,34.24453607,1
115.6151801,38.90127817,3
