JGDJ,percent
一级,0.16666666666666666
二级,0.05128205128205128
三级,0.11029411764705882
