JD,WD,value
119.5540672,35.3961023,1
118.7800798,35.59681379,2
116.2005516,37.43284291,8
120.3880917,36.30814232,1
118.895378,35.87753653,6
115.6151801,38.90127817,1
118.8150764,35.8120243,10
118.8435382,35.58587212,28
113.8643611,36.13099864,22
118.9067767,35.58440415,3
118.9799089,35.92304007,4
118.9996978,35.80907805,1
