JGDJ,percent
一级,0.0847457627118644
二级,0.09523809523809523
三级,0.09523809523809523
