JGDJ,percent
一级,0.058823529411764705
二级,0.05398457583547558
三级,0.09372156505914468
