JGDJ,percent
一级,0.9400325921189101
二级,0.0
三级,0.4983021155396744
