JGDJ,percent
一级,0.862282986787432
二级,0.6536869983577359
三级,0.5324061503207298
