JD,WD,value
119.339158,35.17647178,1
118.8435382,35.58587212,5
119.2155804,35.7556971,6
119.1461076,35.65612567,1
