JD,WD,value
119.5734467,35.57720323,1
105.9712604,35.34351848,2
119.4686243,35.431049,2
119.3866344,35.28446157,2
120.3880917,36.30814232,1
108.4963313,30.77400589,1
112.9563338,34.92070114,1
118.8435382,35.58587212,2
113.8643611,36.13099864,1
115.4590891,38.53731644,2
118.9460049,35.65733871,3
119.2155804,35.7556971,3
119.2749927,35.61298018,43
119.1056767,35.91554883,4
