JD,WD,value
118.8435382,35.58587212,5
113.8643611,36.13099864,2
117.1689372,28.2246819,3
