JGDJ,percent
一级,0.8319361182097764
二级,0.6884652357090155
三级,0.6024610899090241
