JGDJ,percent
一级,0.8554464544838927
二级,0.9030436657776837
三级,0.0
