JD,WD,value
115.6115866,38.62736949,1
120.3880917,36.30814232,1
118.9067767,35.58440415,1
