JD,WD,value
119.3599022,35.10417597,1
112.9563338,34.92070114,1
