JD,WD,value
119.4686243,35.431049,1
115.4590891,38.53731644,1
