JD,WD,value
106.7371863,30.28648256,1
119.339158,35.17647178,1
118.931584,35.46998243,1
118.9460049,35.65733871,1
119.2163458,35.74590734,1
