JD,WD,value
119.3599022,35.10417597,1
119.5301142,35.46771125,1
115.6151801,38.90127817,1
118.9067767,35.58440415,1
118.9460049,35.65733871,1
