JGDJ,percent
一级,0.9499692639553217
二级,0.5807861884120502
三级,0.0
