JD,WD,value
119.1934703,35.17300822,1
106.9507598,27.70800021,1
