JGDJ,percent
一级,0.7672948197048631
二级,0.4822710296735039
三级,0.0
