JD,WD,value
119.268782,35.29195705,1
119.3599022,35.10417597,1
119.5170405,35.53091754,1
