JGDJ,percent
一级,0.0
二级,0.5718292932596309
三级,0.4471404258760306
