JD,WD,value
119.5734467,35.57720323,1
116.7670156,30.60366922,1
119.268782,35.29195705,1
106.7371863,30.28648256,1
119.1934703,35.17300822,1
119.4686243,35.431049,2
119.3866344,35.28446157,1
119.5301142,35.46771125,2
118.6240406,33.84566739,2
106.9507598,27.70800021,1
115.6115866,38.62736949,1
116.2005516,37.43284291,1
115.4590891,38.53731644,1
118.9996978,35.80907805,1
119.3964308,35.50585644,1
