JD,WD,value
118.6240406,33.84566739,1
