JD,WD,value
105.9712604,35.34351848,1
119.2749927,35.61298018,1
