JGDJ,percent
一级,0.0
二级,0.7489404024961619
三级,0.4789326645963387
