JD,WD,value
119.1934703,35.17300822,1
119.4586262,35.43829808,1
112.1380499,29.10446695,1
112.9563338,34.92070114,1
119.2155804,35.7556971,1
119.2163458,35.74590734,1
118.9996978,35.80907805,2
