JD,WD,value
112.1380499,29.10446695,1
119.2749927,35.61298018,1
