JGDJ,percent
一级,0.9489162795740174
二级,0.8900588791562264
三级,0.610316506632649
