JD,WD,value
106.7371863,30.28648256,1
119.3866344,35.28446157,1
119.3012309,35.39150145,1
115.6151801,38.90127817,1
117.1689372,28.2246819,1
119.2749927,35.61298018,1
