JD,WD,value
119.4686243,35.431049,1
119.3866344,35.28446157,1
