JGDJ,percent
一级,0.7793116049055089
二级,0.7271214895243613
三级,0.5857878180192945
