JGDJ,percent
一级,0.0
二级,0.6287766801885009
三级,0.4749315326892576
