JD,WD,value
116.2979565,35.41008808,1
119.339158,35.17647178,2
119.4686243,35.431049,2
119.4586262,35.43829808,1
118.8435382,35.58587212,3
118.8011232,35.52220152,1
113.8643611,36.13099864,1
117.1689372,28.2246819,3
115.4590891,38.53731644,1
118.9460049,35.65733871,1
118.9799089,35.92304007,1
119.2749927,35.61298018,2
119.4246591,35.73670114,1
