JGDJ,percent
一级,0.806282111163008
二级,0.6474740824539603
三级,0.542617732676769
