JD,WD,value
119.268782,35.29195705,1
119.2163458,35.74590734,2
111.9018348,22.4752086,1
