JGDJ,percent
一级,0.8218275420365526
二级,0.7236782826420803
三级,0.0
