JGDJ,percent
一级,0.8903352775701671
二级,0.7827730244448385
三级,0.0
