JD,WD,value
119.268782,35.29195705,3
119.2860155,35.13672208,1
106.7371863,30.28648256,1
119.339158,35.17647178,1
119.3599022,35.10417597,1
119.4686243,35.431049,3
119.5540672,35.3961023,2
119.5301142,35.46771125,1
119.3012309,35.39150145,1
118.6240406,33.84566739,1
116.2005516,37.43284291,1
120.3880917,36.30814232,3
118.895378,35.87753653,1
115.6151801,38.90127817,1
108.4963313,30.77400589,1
118.8435382,35.58587212,1
118.8011232,35.52220152,1
118.9996978,35.80907805,1
