JGDJ,percent
一级,0.0
二级,0.4749918948961003
三级,0.468948524721243
