JD,WD,value
118.9893251,35.40548657,2
106.7371863,30.28648256,1
119.4586262,35.43829808,1
106.9507598,27.70800021,1
118.7800798,35.59681379,1
118.8011232,35.52220152,1
118.9460049,35.65733871,1
118.9996978,35.80907805,1
119.4610803,35.68345171,1
