JGDJ,percent
一级,0.0
二级,0.5961433757143748
三级,0.36454465182335116
