JGDJ,percent
一级,0.7106688843227643
二级,0.542078181691373
三级,0.44201166327565244
