JD,WD,value
115.6151801,38.90127817,1
118.8435382,35.58587212,2
118.9067767,35.58440415,1
118.9799089,35.92304007,1
