JD,WD,value
119.4686243,35.431049,1
119.4586262,35.43829808,1
119.5170405,35.53091754,1
119.2163458,35.74590734,2
119.2749927,35.61298018,1
