JGDJ,percent
一级,0.7304278522527894
二级,0.0
三级,0.4892244378828724
