JGDJ,percent
一级,0.0
二级,0.5525220943279667
三级,0.6642209479732748
