JD,WD,value
118.7800798,35.59681379,1
120.3880917,36.30814232,18
115.6151801,38.90127817,1
106.3741305,31.87138456,1
118.8435382,35.58587212,2
113.8643611,36.13099864,6
118.931584,35.46998243,1
119.2749927,35.61298018,2
