JD,WD,value
119.4586262,35.43829808,3
119.2749927,35.61298018,1
