JD,WD,value
116.7670156,30.60366922,1
105.9712604,35.34351848,1
118.9996978,35.80907805,1
119.2749927,35.61298018,1
