JD,WD,value
115.6115866,38.62736949,1
119.2163458,35.74590734,1
