JD,WD,value
119.2155804,35.7556971,1
119.4610803,35.68345171,1
