JD,WD,value
105.9712604,35.34351848,1
119.2155804,35.7556971,1
