JD,WD,value
106.3741305,31.87138456,1
108.4963313,30.77400589,1
