JD,WD,value
119.3319313,35.86638699,1
111.9018348,22.4752086,1
