JGDJ,percent
一级,0.0
二级,0.21784191963995933
三级,0.4664502331495089
