JD,WD,value
116.7670156,30.60366922,1
119.268782,35.29195705,1
118.9893251,35.40548657,1
105.9712604,35.34351848,3
112.1380499,29.10446695,1
119.5301142,35.46771125,2
118.6240406,33.84566739,1
120.3880917,36.30814232,1
118.8435382,35.58587212,1
118.9996978,35.80907805,2
