JGDJ,percent
一级,0.9070807376796398
二级,0.5276606743833744
三级,0.4058960448105365
