JD,WD,value
105.9712604,35.34351848,1
112.1380499,29.10446695,1
119.5301142,35.46771125,1
118.9996978,35.80907805,1
