JD,WD,value
119.268782,35.29195705,1
119.2860155,35.13672208,1
119.339158,35.17647178,1
119.3599022,35.10417597,1
119.4686243,35.431049,1
118.8435382,35.58587212,1
119.2155804,35.7556971,1
119.2163458,35.74590734,1
119.3319313,35.86638699,1
