JGDJ,percent
一级,0.0
二级,0.7948332394500579
三级,0.47866050757456413
