JD,WD,value
118.895378,35.87753653,1
112.9563338,34.92070114,1
