JD,WD,value
119.4686243,35.431049,1
119.2155804,35.7556971,1
