JGDJ,percent
一级,0.0
二级,0.8855867646298338
三级,0.7916209432957768
