JD,WD,value
119.268782,35.29195705,1
119.2860155,35.13672208,1
119.339158,35.17647178,1
108.4963313,30.77400589,1
112.9563338,34.92070114,1
118.8435382,35.58587212,3
118.9721459,35.9918261,2
118.9799089,35.92304007,1
119.2155804,35.7556971,2
