JGDJ,percent
一级,0.8075655240058106
二级,0.0
三级,0.4531273572096672
