JGDJ,percent
一级,0.7960623282862543
二级,0.5956317108935244
三级,0.3743139995227822
