JD,WD,value
119.2738349,35.51464975,1
116.2005516,37.43284291,1
