JD,WD,value
115.6115866,38.62736949,1
112.9563338,34.92070114,10
118.8435382,35.58587212,4
113.8643611,36.13099864,1
118.9067767,35.58440415,1
115.4590891,38.53731644,1
119.2163458,35.74590734,2
119.4610803,35.68345171,1
