JD,WD,value
119.5734467,35.57720323,1
118.9893251,35.40548657,1
105.9712604,35.34351848,1
119.5540672,35.3961023,1
116.2005516,37.43284291,1
119.2155804,35.7556971,1
