JGDJ,percent
一级,0.0
二级,0.6395935287268723
三级,0.4857368371686396
