JD,WD,value
119.4586262,35.43829808,1
118.8011232,35.52220152,1
119.3319313,35.86638699,2
