JD,WD,value
106.7371863,30.28648256,1
117.2007828,34.24453607,1
119.2163458,35.74590734,1
111.9018348,22.4752086,1
