JGDJ,percent
一级,0.0
二级,0.576309969792735
三级,0.4377632368772231
