JGDJ,percent
一级,0.0
二级,0.5665295132060629
三级,0.4452859954202098
