JD,WD,value
119.1934703,35.17300822,1
119.4586262,35.43829808,1
119.3012309,35.39150145,3
119.2749927,35.61298018,2
119.1292477,35.78829172,2
