JGDJ,percent
一级,0.0
二级,0.6893448578176842
三级,0.8067648108770896
