JGDJ,percent
一级,0.0
二级,0.6690559870057358
三级,0.5181872359864426
