JD,WD,value
119.339158,35.17647178,1
119.3866344,35.28446157,1
118.6240406,33.84566739,1
118.9460049,35.65733871,1
118.9996978,35.80907805,1
