JD,WD,value
116.2979565,35.41008808,1
119.5734467,35.57720323,2
116.7670156,30.60366922,1
119.268782,35.29195705,1
118.9893251,35.40548657,1
105.9712604,35.34351848,3
119.4586262,35.43829808,2
119.3866344,35.28446157,1
119.5301142,35.46771125,4
119.3012309,35.39150145,4
119.5170405,35.53091754,2
118.6240406,33.84566739,1
119.2738349,35.51464975,2
106.9507598,27.70800021,1
116.2005516,37.43284291,1
118.9067767,35.58440415,1
119.2155804,35.7556971,2
119.2163458,35.74590734,2
