JGDJ,percent
一级,0.8290451543415334
二级,0.5077425812771579
三级,0.4279030623910206
