JGDJ,percent
一级,0.8402424459354331
二级,0.6629620738340456
三级,0.47763727389893296
