JD,WD,value
116.7670156,30.60366922,1
119.268782,35.29195705,1
118.9893251,35.40548657,1
119.2860155,35.13672208,3
106.7371863,30.28648256,1
119.339158,35.17647178,2
119.4586262,35.43829808,1
119.5540672,35.3961023,1
119.3012309,35.39150145,1
106.9507598,27.70800021,1
120.3880917,36.30814232,1
118.895378,35.87753653,1
112.9563338,34.92070114,2
118.8435382,35.58587212,1
118.8011232,35.52220152,1
115.4590891,38.53731644,1
