JGDJ,percent
一级,0.7570692779561906
二级,0.6393797945298311
三级,0.5375769797635479
