JD,WD,value
108.4963313,30.77400589,1
112.9563338,34.92070114,1
118.8435382,35.58587212,2
115.4590891,38.53731644,1
