JGDJ,percent
一级,0.0
二级,0.7947667896231803
三级,0.5125923580937417
