JD,WD,value
119.5734467,35.57720323,1
118.9067767,35.58440415,1
