JD,WD,value
116.7670156,30.60366922,1
119.3012309,35.39150145,1
117.2007828,34.24453607,1
119.2155804,35.7556971,1
