JGDJ,percent
一级,0.0
二级,0.6557860286966906
三级,0.5269163867946521
