JD,WD,value
119.1934703,35.17300822,1
119.3012309,35.39150145,1
