JGDJ,percent
一级,0.0
二级,0.3333333333333333
三级,0.09090909090909091
