JD,WD,value
105.9712604,35.34351848,1
119.3866344,35.28446157,1
115.6115866,38.62736949,1
116.2005516,37.43284291,1
108.4963313,30.77400589,1
119.2163458,35.74590734,1
118.9996978,35.80907805,1
119.2749927,35.61298018,1
