JGDJ,percent
一级,0.7765288394226164
二级,0.692254404324545
三级,0.5061817415983875
