JGDJ,percent
一级,0.0
二级,0.7229593891059102
三级,0.7183242779602217
