JGDJ,percent
一级,0.0
二级,0.49168499715671693
三级,0.4135619496120147
