JD,WD,value
119.339158,35.17647178,1
118.8435382,35.58587212,1
