JD,WD,value
119.5734467,35.57720323,1
116.7670156,30.60366922,1
119.339158,35.17647178,2
119.4586262,35.43829808,1
119.3866344,35.28446157,1
119.3012309,35.39150145,1
117.2007828,34.24453607,1
106.9507598,27.70800021,1
116.2005516,37.43284291,1
118.8435382,35.58587212,1
118.9067767,35.58440415,1
119.2163458,35.74590734,3
119.2749927,35.61298018,1
