JGDJ,percent
一级,0.0
二级,0.632431645969642
三级,0.5655872985356859
