JD,WD,value
118.9893251,35.40548657,1
119.5540672,35.3961023,1
119.3866344,35.28446157,2
119.5301142,35.46771125,1
118.6240406,33.84566739,1
115.6115866,38.62736949,1
120.3880917,36.30814232,1
118.895378,35.87753653,1
118.8150764,35.8120243,1
118.8435382,35.58587212,1
118.9067767,35.58440415,1
118.9460049,35.65733871,1
119.2155804,35.7556971,1
