JGDJ,percent
一级,0.0
二级,0.6679887251973279
三级,0.6124448886361892
