JD,WD,value
119.5734467,35.57720323,1
106.7371863,30.28648256,2
119.1934703,35.17300822,1
118.9460049,35.65733871,1
119.4246591,35.73670114,1
119.1461076,35.65612567,1
