JGDJ,percent
一级,0.0
二级,0.6468128103722486
三级,0.5100618779325912
