JGDJ,percent
一级,0.0
二级,0.6467097487590194
三级,0.891344321580082
