JD,WD,value
119.3599022,35.10417597,1
119.4686243,35.431049,3
