JD,WD,value
119.268782,35.29195705,2
106.7371863,30.28648256,1
119.339158,35.17647178,2
119.1934703,35.17300822,2
119.3599022,35.10417597,1
119.4586262,35.43829808,1
119.3866344,35.28446157,2
119.5301142,35.46771125,2
118.6240406,33.84566739,5
106.9507598,27.70800021,2
118.8150764,35.8120243,1
112.9563338,34.92070114,4
118.8435382,35.58587212,4
113.8643611,36.13099864,1
119.2155804,35.7556971,2
119.2163458,35.74590734,3
118.9996978,35.80907805,2
