JGDJ,percent
一级,0.7566796241951729
二级,0.8805482808143955
三级,0.8385957424569718
