JGDJ,percent
一级,0.8897701048017496
二级,0.6766625389069246
三级,0.43750274756675483
