JD,WD,value
116.2979565,35.41008808,1
119.339158,35.17647178,1
105.9712604,35.34351848,1
118.895378,35.87753653,1
106.3741305,31.87138456,1
108.4963313,30.77400589,1
118.8435382,35.58587212,7
118.8011232,35.52220152,17
113.8643611,36.13099864,81
118.931584,35.46998243,3
118.9460049,35.65733871,1
119.2155804,35.7556971,4
119.2749927,35.61298018,46
119.3319313,35.86638699,7
