JD,WD,value
119.5734467,35.57720323,1
119.268782,35.29195705,1
119.3866344,35.28446157,1
119.5301142,35.46771125,1
119.3012309,35.39150145,6
118.8435382,35.58587212,2
118.8011232,35.52220152,1
115.4590891,38.53731644,1
118.9721459,35.9918261,2
119.2155804,35.7556971,1
