JD,WD,value
119.5734467,35.57720323,1
119.4586262,35.43829808,1
119.5170405,35.53091754,1
119.2738349,35.51464975,1
118.8435382,35.58587212,1
119.3964308,35.50585644,1
