JD,WD,value
108.4963313,30.77400589,1
118.8435382,35.58587212,2
113.8643611,36.13099864,1
118.9996978,35.80907805,1
