JD,WD,value
105.9712604,35.34351848,3
119.3599022,35.10417597,1
119.3866344,35.28446157,1
119.5170405,35.53091754,1
118.6240406,33.84566739,1
116.2005516,37.43284291,1
106.3741305,31.87138456,1
108.4963313,30.77400589,2
118.8435382,35.58587212,2
118.9067767,35.58440415,1
119.2163458,35.74590734,1
