JGDJ,percent
一级,0.7053364106908846
二级,0.0
三级,0.4319885361552028
