JGDJ,percent
一级,0.7326832478957029
二级,0.0
三级,0.4980772995061964
