JD,WD,value
116.2979565,35.41008808,1
119.2860155,35.13672208,1
116.2005516,37.43284291,2
118.895378,35.87753653,1
106.3741305,31.87138456,1
118.8435382,35.58587212,5
113.8643611,36.13099864,22
115.4590891,38.53731644,1
118.7692124,35.77904003,1
119.2155804,35.7556971,8
119.2163458,35.74590734,6
118.9996978,35.80907805,57
119.1056767,35.91554883,1
