JD,WD,value
119.2860155,35.13672208,1
119.4586262,35.43829808,2
115.6115866,38.62736949,1
118.8011232,35.52220152,1
119.2749927,35.61298018,1
