JGDJ,percent
一级,0.87850008870892
二级,0.5989630770438358
三级,0.4881296333650667
