JGDJ,percent
一级,0.8083108822763221
二级,0.6798307915870848
三级,0.5211268427868228
