JD,WD,value
118.9893251,35.40548657,1
119.3599022,35.10417597,1
119.5170405,35.53091754,1
106.9507598,27.70800021,1
115.6151801,38.90127817,1
112.9563338,34.92070114,1
119.2155804,35.7556971,1
