JD,WD,value
120.3880917,36.30814232,1
115.4590891,38.53731644,1
