JD,WD,value
116.2005516,37.43284291,1
108.4963313,30.77400589,2
112.9563338,34.92070114,1
118.8435382,35.58587212,2
118.8011232,35.52220152,1
117.1689372,28.2246819,1
115.4590891,38.53731644,1
