JD,WD,value
119.268782,35.29195705,1
106.9507598,27.70800021,1
