JD,WD,value
116.2979565,35.41008808,2
118.9893251,35.40548657,1
115.6115866,38.62736949,1
112.9563338,34.92070114,2
118.8435382,35.58587212,4
118.8011232,35.52220152,1
113.8643611,36.13099864,1
118.9067767,35.58440415,1
117.1689372,28.2246819,1
119.2155804,35.7556971,1
119.2749927,35.61298018,1
