JGDJ,percent
一级,0.9534267962915273
二级,0.0
三级,0.6784052781318891
