JGDJ,percent
一级,0.8738144465229235
二级,0.6816533830427772
三级,0.46760735340286735
