JGDJ,percent
一级,0.9403199832884104
二级,0.6009500756795539
三级,0.0
