JD,WD,value
119.4686243,35.431049,2
119.4586262,35.43829808,1
112.1380499,29.10446695,2
119.3012309,35.39150145,1
119.2738349,35.51464975,1
119.2163458,35.74590734,2
118.9996978,35.80907805,3
119.1292477,35.78829172,1
