JD,WD,value
119.4586262,35.43829808,1
113.8643611,36.13099864,2
119.2155804,35.7556971,3
119.1056767,35.91554883,2
