JGDJ,percent
一级,0.49087962117817574
二级,0.4790937907386973
三级,0.4360596101126765
