JD,WD,value
118.6240406,33.84566739,1
119.2155804,35.7556971,1
119.2163458,35.74590734,2
119.2749927,35.61298018,1
119.4610803,35.68345171,1
