JGDJ,percent
一级,0.7760084003347657
二级,0.7430773733017376
三级,0.5149045155222876
