JGDJ,percent
一级,0.0
二级,0.9339729868511392
三级,0.6174641210017898
