JD,WD,value
106.9507598,27.70800021,1
118.8011232,35.52220152,1
