JGDJ,percent
一级,0.0
二级,0.5602284334664315
三级,0.663289052617751
