JD,WD,value
119.4586262,35.43829808,1
119.3012309,35.39150145,1
118.6240406,33.84566739,1
106.9507598,27.70800021,1
