JGDJ,percent
一级,0.0
二级,0.6648480372209427
三级,0.6040492091575417
