JD,WD,value
119.5540672,35.3961023,1
117.2007828,34.24453607,1
115.6151801,38.90127817,1
