JGDJ,percent
一级,0.0
二级,0.6090740153197661
三级,0.5092043483656113
