JGDJ,percent
一级,0.8563804841149771
二级,0.5662733168416126
三级,0.0
