JGDJ,percent
一级,0.7748237962246913
二级,0.6891300952314345
三级,0.0
