JD,WD,value
119.5170405,35.53091754,1
113.8643611,36.13099864,1
