JGDJ,percent
一级,0.0
二级,0.895991981253471
三级,0.6503275175735826
