JGDJ,percent
一级,0.5863960391971565
二级,0.4371923116315592
三级,0.3738573485115806
