JD,WD,value
119.4586262,35.43829808,1
118.8435382,35.58587212,1
119.2163458,35.74590734,2
119.2749927,35.61298018,6
119.4610803,35.68345171,1
