JGDJ,percent
一级,0.47359357060849594
二级,0.0
三级,0.5727793630422239
