JD,WD,value
119.1934703,35.17300822,1
119.5540672,35.3961023,1
118.8011232,35.52220152,1
119.3319313,35.86638699,1
