JD,WD,value
118.9893251,35.40548657,1
112.1380499,29.10446695,1
106.9507598,27.70800021,1
118.7800798,35.59681379,1
120.3880917,36.30814232,7
118.895378,35.87753653,1
108.4963313,30.77400589,1
112.9563338,34.92070114,2
118.8435382,35.58587212,3
113.8643611,36.13099864,5
118.9067767,35.58440415,1
117.1689372,28.2246819,2
118.931584,35.46998243,1
118.9460049,35.65733871,1
118.9799089,35.92304007,2
119.2163458,35.74590734,4
