JGDJ,percent
一级,0.8355478073126246
二级,0.7767349330391712
三级,0.7488700074951782
