JGDJ,percent
一级,0.0
二级,0.9060114411744434
三级,0.5786460019864387
