JD,WD,value
106.7371863,30.28648256,2
119.1934703,35.17300822,1
112.1380499,29.10446695,1
