JGDJ,percent
一级,0.8618843356467648
二级,0.6852009514380042
三级,0.5590264528513004
