JD,WD,value
105.9712604,35.34351848,1
119.4686243,35.431049,1
119.4586262,35.43829808,1
119.5170405,35.53091754,1
120.3880917,36.30814232,1
118.9799089,35.92304007,1
119.4610803,35.68345171,1
