JGDJ,percent
一级,0.8458619165884886
二级,0.7550627691743791
三级,0.5551791406293063
