JD,WD,value
116.7670156,30.60366922,1
119.339158,35.17647178,2
105.9712604,35.34351848,1
119.4586262,35.43829808,1
118.9721459,35.9918261,1
119.2155804,35.7556971,1
119.1056767,35.91554883,1
