JGDJ,percent
一级,0.765411319166842
二级,0.8521851971295499
三级,0.6397572667841691
