JD,WD,value
106.7371863,30.28648256,1
119.4586262,35.43829808,1
119.3319313,35.86638699,1
