JGDJ,percent
一级,0.40108695652173915
二级,0.5924431478534684
三级,0.44533002278471256
