JD,WD,value
119.268782,35.29195705,1
106.7371863,30.28648256,1
119.4686243,35.431049,1
118.6240406,33.84566739,1
118.8150764,35.8120243,1
118.8435382,35.58587212,1
113.8643611,36.13099864,3
119.2163458,35.74590734,1
119.3319313,35.86638699,2
