JGDJ,percent
一级,0.86329334772658
二级,0.6439763452256194
三级,0.6624341118803965
