JD,WD,value
119.268782,35.29195705,1
119.3012309,35.39150145,1
118.6240406,33.84566739,1
