JGDJ,percent
一级,0.0
二级,0.568647552264478
三级,0.8314390149335867
