JGDJ,percent
一级,0.8764672485046938
二级,0.0
三级,0.4761279603602539
