JD,WD,value
119.268782,35.29195705,1
112.1380499,29.10446695,1
119.2738349,35.51464975,1
106.9507598,27.70800021,1
