JGDJ,percent
一级,0.0
二级,0.7775210481610091
三级,0.4812139903017473
