JGDJ,percent
一级,0.9402860897005554
二级,0.6114259706665165
三级,0.48712414323601333
