JD,WD,value
119.268782,35.29195705,2
118.9893251,35.40548657,1
106.7371863,30.28648256,1
119.339158,35.17647178,1
105.9712604,35.34351848,1
119.4686243,35.431049,1
119.4586262,35.43829808,2
119.3866344,35.28446157,1
117.2007828,34.24453607,2
106.9507598,27.70800021,1
115.6151801,38.90127817,1
119.2155804,35.7556971,3
119.2163458,35.74590734,1
119.3964308,35.50585644,1
