JD,WD,value
116.7670156,30.60366922,1
119.268782,35.29195705,2
106.7371863,30.28648256,2
119.1934703,35.17300822,1
105.9712604,35.34351848,3
119.4686243,35.431049,1
119.4586262,35.43829808,1
117.2007828,34.24453607,1
