JD,WD,value
119.2860155,35.13672208,1
105.9712604,35.34351848,1
119.3599022,35.10417597,1
119.4686243,35.431049,3
119.5301142,35.46771125,1
118.6240406,33.84566739,1
118.7800798,35.59681379,2
116.2005516,37.43284291,1
120.3880917,36.30814232,4
115.6151801,38.90127817,1
118.8150764,35.8120243,1
112.9563338,34.92070114,1
118.8435382,35.58587212,1
118.9067767,35.58440415,1
118.9460049,35.65733871,1
119.2749927,35.61298018,1
