JD,WD,value
119.5301142,35.46771125,1
115.4590891,38.53731644,1
119.2155804,35.7556971,1
119.3964308,35.50585644,1
