JGDJ,percent
一级,0.9140837788954532
二级,0.8175266235198704
三级,0.6637155647415613
