JGDJ,percent
一级,0.8089684604712164
二级,0.0
三级,0.4916556638409801
