JGDJ,percent
一级,0.834536815915647
二级,0.7093914660161966
三级,0.6632482135582949
