JGDJ,percent
一级,0.0
二级,0.5245481090186603
三级,0.5003407572593661
