JD,WD,value
118.6240406,33.84566739,1
118.931584,35.46998243,1
