JD,WD,value
106.7371863,30.28648256,2
119.4686243,35.431049,2
106.9507598,27.70800021,1
119.2155804,35.7556971,1
119.2749927,35.61298018,1
119.3964308,35.50585644,2
