JGDJ,percent
一级,0.0
二级,0.6655116559958891
三级,0.6510947936445621
