JGDJ,percent
一级,0.7167981853175692
二级,0.48002917714250243
三级,0.0
