JD,WD,value
119.5301142,35.46771125,1
117.2007828,34.24453607,1
106.9507598,27.70800021,3
116.2005516,37.43284291,1
112.9563338,34.92070114,3
118.8011232,35.52220152,1
118.931584,35.46998243,1
118.9799089,35.92304007,4
119.2155804,35.7556971,13
119.2163458,35.74590734,43
119.4610803,35.68345171,1
119.3319313,35.86638699,2
119.1461076,35.65612567,2
119.1292477,35.78829172,2
