JGDJ,percent
一级,0.4476190476190476
二级,0.0
三级,0.2893472395864414
