JD,WD,value
119.4686243,35.431049,1
119.2155804,35.7556971,8
119.2163458,35.74590734,67
118.9996978,35.80907805,1
119.2749927,35.61298018,2
119.1461076,35.65612567,3
111.9018348,22.4752086,1
