JD,WD,value
119.4586262,35.43829808,1
119.5170405,35.53091754,1
