JGDJ,percent
一级,0.8765762364595561
二级,0.710842380811042
三级,0.4809738656678301
