JD,WD,value
119.339158,35.17647178,1
119.4586262,35.43829808,1
118.6240406,33.84566739,1
119.2738349,35.51464975,1
118.8011232,35.52220152,1
119.2155804,35.7556971,5
119.2163458,35.74590734,1
118.9996978,35.80907805,2
111.9018348,22.4752086,2
