JD,WD,value
119.3866344,35.28446157,1
118.7800798,35.59681379,1
118.9067767,35.58440415,1
