JGDJ,percent
一级,0.0
二级,0.8207522145132619
三级,0.6798068776397812
