JD,WD,value
119.268782,35.29195705,1
118.9893251,35.40548657,1
