JD,WD,value
119.3599022,35.10417597,1
119.5540672,35.3961023,1
119.5301142,35.46771125,2
118.6240406,33.84566739,1
115.6115866,38.62736949,1
116.2005516,37.43284291,2
115.6151801,38.90127817,1
118.8435382,35.58587212,1
119.2163458,35.74590734,2
118.9996978,35.80907805,2
119.2749927,35.61298018,2
