JGDJ,percent
一级,0.0
二级,0.8886565692624135
三级,0.48334133437594345
