JGDJ,percent
一级,0.0
二级,0.6096485112747645
三级,0.8370252880979264
