JGDJ,percent
一级,0.6667534114208747
二级,0.64936636360641
三级,0.608412149166064
