JD,WD,value
119.268782,35.29195705,2
118.9893251,35.40548657,1
106.7371863,30.28648256,1
119.5540672,35.3961023,3
119.3866344,35.28446157,1
119.5301142,35.46771125,1
118.6240406,33.84566739,1
117.2007828,34.24453607,1
106.9507598,27.70800021,2
118.895378,35.87753653,1
118.8150764,35.8120243,1
112.9563338,34.92070114,1
118.8435382,35.58587212,1
118.8011232,35.52220152,1
119.2163458,35.74590734,1
118.9996978,35.80907805,1
