JD,WD,value
118.7800798,35.59681379,1
118.8435382,35.58587212,3
119.2155804,35.7556971,1
