JGDJ,percent
一级,0.8977166998376049
二级,0.0
三级,0.9097057629989472
