JD,WD,value
118.8011232,35.52220152,1
119.2163458,35.74590734,1
