JD,WD,value
119.5734467,35.57720323,2
106.7371863,30.28648256,1
119.1934703,35.17300822,3
119.3599022,35.10417597,1
119.4586262,35.43829808,1
119.3012309,35.39150145,3
117.2007828,34.24453607,3
106.9507598,27.70800021,3
118.8435382,35.58587212,2
118.9460049,35.65733871,7
119.2155804,35.7556971,4
119.2163458,35.74590734,8
119.3319313,35.86638699,1
