JGDJ,percent
一级,0.8045891598377871
二级,0.7982309235631609
三级,0.7873200886022731
