JD,WD,value
119.4686243,35.431049,1
118.8435382,35.58587212,1
117.1689372,28.2246819,1
118.9721459,35.9918261,1
