JD,WD,value
116.7670156,30.60366922,1
119.4686243,35.431049,1
118.931584,35.46998243,1
