JD,WD,value
119.3012309,35.39150145,1
119.2155804,35.7556971,2
