JGDJ,percent
一级,0.0
二级,0.9151606124623545
三级,0.6491121781156416
