JD,WD,value
117.1689372,28.2246819,1
118.9996978,35.80907805,2
