JGDJ,percent
一级,0.8616134821439996
二级,0.42498936840235346
三级,0.0
