JGDJ,percent
一级,0.0
二级,0.6255062759530972
三级,0.4990963121935407
