JD,WD,value
119.4586262,35.43829808,1
112.1380499,29.10446695,1
119.3012309,35.39150145,1
117.2007828,34.24453607,1
