JD,WD,value
116.7670156,30.60366922,3
115.6151801,38.90127817,1
118.8435382,35.58587212,1
117.1689372,28.2246819,1
119.2155804,35.7556971,8
119.2163458,35.74590734,1
119.2749927,35.61298018,1
119.1056767,35.91554883,2
