JD,WD,value
116.7670156,30.60366922,1
119.1934703,35.17300822,1
119.3599022,35.10417597,1
119.4686243,35.431049,1
119.4586262,35.43829808,1
112.1380499,29.10446695,3
106.9507598,27.70800021,2
115.6151801,38.90127817,1
