JGDJ,percent
一级,0.9526627785598681
二级,0.5730725549233597
三级,0.6461948613729487
