JD,WD,value
118.8435382,35.58587212,1
119.2163458,35.74590734,1
119.2749927,35.61298018,1
119.4610803,35.68345171,1
119.3319313,35.86638699,1
119.1292477,35.78829172,1
