JD,WD,value
119.268782,35.29195705,1
118.9893251,35.40548657,1
119.1934703,35.17300822,1
106.9507598,27.70800021,1
118.895378,35.87753653,1
118.8435382,35.58587212,1
118.931584,35.46998243,1
118.9996978,35.80907805,1
119.2749927,35.61298018,1
119.4610803,35.68345171,1
119.1292477,35.78829172,1
