JGDJ,percent
一级,0.0
二级,0.6975972880280712
三级,0.6310900846294465
