JGDJ,percent
一级,0.0
二级,0.7011618935386765
三级,0.6495342471437323
