JGDJ,percent
一级,0.0
二级,0.6427509929575114
三级,0.4539730813397233
