JD,WD,value
119.3012309,35.39150145,1
119.2749927,35.61298018,1
119.1292477,35.78829172,1
