JD,WD,value
112.9563338,34.92070114,2
118.8435382,35.58587212,1
118.9721459,35.9918261,1
118.9996978,35.80907805,1
