JD,WD,value
105.9712604,35.34351848,1
119.4586262,35.43829808,2
119.3866344,35.28446157,1
119.5301142,35.46771125,1
118.9067767,35.58440415,1
118.9460049,35.65733871,1
