JD,WD,value
118.6240406,33.84566739,1
118.8011232,35.52220152,1
