JGDJ,percent
一级,0.4178082191780822
二级,0.5789764745517071
三级,0.0
