JGDJ,percent
一级,0.0
二级,0.6683505577013014
三级,0.4670441443552495
