JD,WD,value
118.9893251,35.40548657,1
118.895378,35.87753653,2
