JGDJ,percent
一级,0.8685933466272745
二级,0.0598639455782313
三级,0.0
