JD,WD,value
119.5540672,35.3961023,1
116.2005516,37.43284291,2
118.8435382,35.58587212,2
113.8643611,36.13099864,1
118.931584,35.46998243,6
119.2155804,35.7556971,1
