JGDJ,percent
一级,0.8448369887374036
二级,0.0
三级,0.507927196960987
