JD,WD,value
119.4586262,35.43829808,1
112.9563338,34.92070114,1
