JD,WD,value
119.5734467,35.57720323,1
116.7670156,30.60366922,1
119.2860155,35.13672208,1
119.4586262,35.43829808,1
119.3866344,35.28446157,1
112.1380499,29.10446695,1
119.3012309,35.39150145,1
117.2007828,34.24453607,1
115.6115866,38.62736949,1
116.2005516,37.43284291,2
112.9563338,34.92070114,1
118.8435382,35.58587212,1
