JD,WD,value
118.895378,35.87753653,1
112.9563338,34.92070114,3
118.8435382,35.58587212,1
117.1689372,28.2246819,1
115.4590891,38.53731644,1
118.9799089,35.92304007,1
