JGDJ,percent
一级,0.7639679753392988
二级,0.510041898409549
三级,0.423837156913983
