JD,WD,value
111.9018348,22.4752086,1
