JD,WD,value
120.3880917,36.30814232,1
119.2163458,35.74590734,3
