JD,WD,value
118.8150764,35.8120243,2
