JGDJ,percent
一级,0.4368507381082559
二级,0.0
三级,0.2904551639867811
