JD,WD,value
119.339158,35.17647178,1
119.3012309,35.39150145,1
106.3741305,31.87138456,1
112.9563338,34.92070114,1
