JD,WD,value
119.1934703,35.17300822,2
119.4686243,35.431049,1
119.4586262,35.43829808,2
119.3012309,35.39150145,1
106.9507598,27.70800021,1
119.2163458,35.74590734,1
