JGDJ,percent
一级,0.5458548653106102
二级,0.45972525961525873
三级,0.44690705238447004
