JGDJ,percent
一级,0.0
二级,0.8222458110413924
三级,0.5464499940526425
