JD,WD,value
118.9893251,35.40548657,1
106.7371863,30.28648256,1
119.4586262,35.43829808,2
118.7800798,35.59681379,1
118.9067767,35.58440415,1
118.9721459,35.9918261,1
119.2163458,35.74590734,1
119.3319313,35.86638699,1
