JD,WD,value
105.9712604,35.34351848,1
119.5301142,35.46771125,2
106.9507598,27.70800021,1
