JGDJ,percent
一级,0.6223088505697201
二级,0.0
三级,0.36979164210913446
