JGDJ,percent
一级,0.0
二级,0.6876876950568502
三级,0.4980291826382135
