JD,WD,value
119.2738349,35.51464975,1
118.7800798,35.59681379,1
