JD,WD,value
116.7670156,30.60366922,1
106.3741305,31.87138456,1
119.2155804,35.7556971,1
