JGDJ,percent
一级,0.8935639965087806
二级,0.6418246130811084
三级,0.5197713373830021
