JD,WD,value
119.5734467,35.57720323,1
106.7371863,30.28648256,3
119.4686243,35.431049,4
118.6240406,33.84566739,3
119.2738349,35.51464975,5
115.6115866,38.62736949,1
116.2005516,37.43284291,1
120.3880917,36.30814232,1
115.6151801,38.90127817,1
108.4963313,30.77400589,1
112.9563338,34.92070114,1
118.9067767,35.58440415,4
118.9460049,35.65733871,7
119.2155804,35.7556971,1
119.2163458,35.74590734,3
118.9996978,35.80907805,1
119.2749927,35.61298018,1
