JD,WD,value
119.1934703,35.17300822,1
119.3599022,35.10417597,1
119.4586262,35.43829808,2
119.3866344,35.28446157,1
119.5301142,35.46771125,2
117.2007828,34.24453607,1
