JD,WD,value
108.4963313,30.77400589,1
