JD,WD,value
116.7670156,30.60366922,2
118.9893251,35.40548657,1
105.9712604,35.34351848,1
112.1380499,29.10446695,1
119.5170405,35.53091754,1
116.2005516,37.43284291,2
118.895378,35.87753653,1
118.8435382,35.58587212,3
113.8643611,36.13099864,1
115.4590891,38.53731644,1
118.9799089,35.92304007,1
119.2155804,35.7556971,2
119.2163458,35.74590734,3
119.3319313,35.86638699,2
119.4246591,35.73670114,1
119.1056767,35.91554883,1
