JD,WD,value
105.9712604,35.34351848,1
118.6240406,33.84566739,1
112.9563338,34.92070114,1
118.8435382,35.58587212,7
118.8011232,35.52220152,1
115.4590891,38.53731644,2
