JD,WD,value
106.9507598,27.70800021,1
118.931584,35.46998243,2
