JD,WD,value
116.2979565,35.41008808,1
119.4686243,35.431049,3
119.2155804,35.7556971,1
119.2163458,35.74590734,1
