JGDJ,percent
一级,0.9619509181073088
二级,0.7936889053634739
三级,0.7306821048004849
