JD,WD,value
118.9893251,35.40548657,1
119.4586262,35.43829808,2
119.5540672,35.3961023,1
120.3880917,36.30814232,1
118.8011232,35.52220152,1
113.8643611,36.13099864,1
118.9067767,35.58440415,1
118.931584,35.46998243,1
