JGDJ,percent
一级,0.7640952340087747
二级,0.6450775309208412
三级,0.4563619051831739
