JGDJ,percent
一级,0.9347330822705818
二级,0.8266829268292682
三级,0.0
