JD,WD,value
112.1380499,29.10446695,1
