JD,WD,value
118.9996978,35.80907805,1
119.4246591,35.73670114,1
