JD,WD,value
119.1934703,35.17300822,1
118.6240406,33.84566739,1
119.2155804,35.7556971,3
119.2163458,35.74590734,3
119.1461076,35.65612567,1
