JD,WD,value
105.9712604,35.34351848,1
106.9507598,27.70800021,1
118.9721459,35.9918261,1
119.2163458,35.74590734,1
