JGDJ,percent
一级,0.8473867475516135
二级,0.5524580122223963
三级,0.46116512274909044
