JGDJ,percent
一级,0.0
二级,0.7741675551160332
三级,0.5509145737919744
