JGDJ,percent
一级,0.8472917800933231
二级,0.7061835667527881
三级,0.6010755733542513
