JD,WD,value
106.3741305,31.87138456,1
118.8435382,35.58587212,1
118.8011232,35.52220152,1
119.2163458,35.74590734,2
