JD,WD,value
119.3599022,35.10417597,1
118.8435382,35.58587212,1
119.1056767,35.91554883,1
