JD,WD,value
119.268782,35.29195705,1
119.2860155,35.13672208,1
119.2155804,35.7556971,2
