JGDJ,percent
一级,0.40674808475500673
二级,0.3319943289224953
三级,0.0
