JD,WD,value
119.5734467,35.57720323,1
118.9893251,35.40548657,1
106.7371863,30.28648256,1
119.1934703,35.17300822,1
119.4586262,35.43829808,1
118.6240406,33.84566739,1
119.2738349,35.51464975,1
106.9507598,27.70800021,3
113.8643611,36.13099864,4
119.2163458,35.74590734,3
119.2749927,35.61298018,3
