JD,WD,value
118.9721459,35.9918261,1
