JGDJ,percent
一级,0.8391460461260041
二级,0.6484857210826398
三级,0.4719826391350891
