JD,WD,value
116.2979565,35.41008808,1
116.7670156,30.60366922,1
119.268782,35.29195705,2
118.9893251,35.40548657,1
119.2860155,35.13672208,1
119.3599022,35.10417597,1
116.2005516,37.43284291,2
118.931584,35.46998243,1
119.2155804,35.7556971,1
119.2163458,35.74590734,26
119.2749927,35.61298018,1
119.4610803,35.68345171,1
