JGDJ,percent
一级,0.7103431297511157
二级,0.601038255136868
三级,0.44549564499668726
