JGDJ,percent
一级,0.8533741530227241
二级,0.6101393255461371
三级,0.5585899058529479
