JGDJ,percent
一级,0.0
二级,0.5702515658529246
三级,0.3453746606713852
