JD,WD,value
113.8643611,36.13099864,1
117.1689372,28.2246819,1
