JGDJ,percent
一级,0.6446445147574036
二级,0.8487050534235615
三级,0.0
