JD,WD,value
119.2738349,35.51464975,1
118.895378,35.87753653,1
115.6151801,38.90127817,2
113.8643611,36.13099864,1
