JD,WD,value
118.6240406,33.84566739,1
106.9507598,27.70800021,2
116.2005516,37.43284291,1
120.3880917,36.30814232,1
