JD,WD,value
119.3319313,35.86638699,3
