JGDJ,percent
一级,0.4038202247191011
二级,0.45584988962472406
三级,0.0
