JGDJ,percent
一级,0.767259659424545
二级,0.6690022634722239
三级,0.5986434406137183
