JD,WD,value
105.9712604,35.34351848,1
119.3012309,35.39150145,1
106.9507598,27.70800021,1
115.6115866,38.62736949,1
120.3880917,36.30814232,4
108.4963313,30.77400589,1
112.9563338,34.92070114,6
113.8643611,36.13099864,1
117.1689372,28.2246819,2
118.9996978,35.80907805,1
