JD,WD,value
112.9563338,34.92070114,5
118.8435382,35.58587212,2
