JD,WD,value
119.5734467,35.57720323,4
119.268782,35.29195705,1
119.1934703,35.17300822,1
119.4586262,35.43829808,1
119.5301142,35.46771125,1
119.5170405,35.53091754,1
106.9507598,27.70800021,1
119.2163458,35.74590734,5
118.9996978,35.80907805,1
119.2749927,35.61298018,3
