JGDJ,percent
一级,0.0
二级,0.36926443408968246
三级,0.25344037923530294
