JD,WD,value
119.268782,35.29195705,1
105.9712604,35.34351848,1
119.5301142,35.46771125,3
119.3012309,35.39150145,2
118.6240406,33.84566739,1
117.2007828,34.24453607,1
108.4963313,30.77400589,1
118.8011232,35.52220152,1
119.2163458,35.74590734,1
118.9996978,35.80907805,1
