JGDJ,percent
一级,0.0
二级,0.2884924540682415
三级,0.2541255530925745
