JGDJ,percent
一级,0.0
二级,0.1401617937448245
三级,0.214345976684388
