JD,WD,value
119.1934703,35.17300822,1
119.4586262,35.43829808,1
119.2163458,35.74590734,1
