JD,WD,value
116.2979565,35.41008808,2
119.4586262,35.43829808,2
