JD,WD,value
118.9893251,35.40548657,1
119.339158,35.17647178,1
105.9712604,35.34351848,1
119.4586262,35.43829808,1
119.3866344,35.28446157,1
119.3012309,35.39150145,1
119.2738349,35.51464975,1
116.2005516,37.43284291,1
106.3741305,31.87138456,1
108.4963313,30.77400589,1
117.1689372,28.2246819,1
118.9721459,35.9918261,1
118.7692124,35.77904003,1
119.4610803,35.68345171,1
119.3319313,35.86638699,1
119.4246591,35.73670114,1
