JD,WD,value
116.7670156,30.60366922,1
119.339158,35.17647178,2
119.1934703,35.17300822,1
119.3599022,35.10417597,1
119.4586262,35.43829808,1
119.5301142,35.46771125,1
119.5170405,35.53091754,1
118.6240406,33.84566739,1
117.2007828,34.24453607,3
119.2155804,35.7556971,2
119.1292477,35.78829172,2
111.9018348,22.4752086,1
