JGDJ,percent
一级,0.8461234929545433
二级,0.4113457095052187
三级,0.0
