JD,WD,value
105.9712604,35.34351848,1
112.9563338,34.92070114,1
118.9460049,35.65733871,1
