JD,WD,value
116.7670156,30.60366922,1
119.268782,35.29195705,1
119.5540672,35.3961023,1
115.6151801,38.90127817,2
112.9563338,34.92070114,1
119.2163458,35.74590734,1
