JD,WD,value
112.1380499,29.10446695,1
116.2005516,37.43284291,1
118.9460049,35.65733871,1
