JD,WD,value
119.4586262,35.43829808,1
112.9563338,34.92070114,2
119.2163458,35.74590734,1
119.4610803,35.68345171,1
