JD,WD,value
115.6151801,38.90127817,1
117.1689372,28.2246819,1
115.4590891,38.53731644,1
