JD,WD,value
119.339158,35.17647178,1
118.6240406,33.84566739,1
118.895378,35.87753653,1
