JGDJ,percent
一级,0.0
二级,0.5803276087965548
三级,0.6611463498595119
