JGDJ,percent
一级,0.929986785467075
二级,0.0
三级,0.6615097204219391
