JD,WD,value
119.268782,35.29195705,1
119.4586262,35.43829808,2
119.5170405,35.53091754,1
119.2155804,35.7556971,1
119.2163458,35.74590734,2
