JGDJ,percent
一级,0.0
二级,0.8113966963865785
三级,0.49476721279633423
