JGDJ,percent
一级,0.0
二级,0.6993279156685922
三级,0.5142479963146399
