JGDJ,percent
一级,0.7679515185681066
二级,0.6568613797271995
三级,0.0
