JD,WD,value
116.2979565,35.41008808,1
119.5734467,35.57720323,1
119.1934703,35.17300822,1
119.3599022,35.10417597,2
105.9712604,35.34351848,1
106.9507598,27.70800021,1
118.9996978,35.80907805,1
