JGDJ,percent
一级,0.7879789812377251
二级,0.0
三级,0.5380483714263549
