JGDJ,percent
一级,0.0
二级,0.6474674250351014
三级,0.48372319912917516
