JD,WD,value
108.4963313,30.77400589,1
118.9721459,35.9918261,1
119.2163458,35.74590734,6
119.2749927,35.61298018,1
119.3319313,35.86638699,1
119.4246591,35.73670114,1
