JD,WD,value
118.6240406,33.84566739,1
119.2155804,35.7556971,1
