JD,WD,value
119.5734467,35.57720323,1
119.2860155,35.13672208,3
119.4586262,35.43829808,1
106.3741305,31.87138456,1
119.2155804,35.7556971,1
119.2163458,35.74590734,1
119.3319313,35.86638699,1
119.1461076,35.65612567,1
