JGDJ,percent
一级,0.0
二级,0.6162699727236204
三级,0.3809564590814591
