JD,WD,value
119.1934703,35.17300822,1
119.4586262,35.43829808,1
112.9563338,34.92070114,1
113.8643611,36.13099864,1
115.4590891,38.53731644,1
119.2749927,35.61298018,1
