JD,WD,value
119.5170405,35.53091754,1
118.6240406,33.84566739,2
117.2007828,34.24453607,1
118.7800798,35.59681379,1
116.2005516,37.43284291,1
118.895378,35.87753653,1
118.8435382,35.58587212,3
