JGDJ,percent
一级,0.6692672254029487
二级,0.0
三级,0.4949631586574369
