JD,WD,value
116.7670156,30.60366922,1
119.268782,35.29195705,1
105.9712604,35.34351848,1
119.5540672,35.3961023,1
112.1380499,29.10446695,1
