JGDJ,percent
一级,0.0
二级,0.675039852484571
三级,0.4688636950449499
