JD,WD,value
115.4590891,38.53731644,1
118.9460049,35.65733871,1
