JD,WD,value
118.9893251,35.40548657,1
105.9712604,35.34351848,1
115.6115866,38.62736949,1
118.8435382,35.58587212,1
119.2163458,35.74590734,1
