JD,WD,value
119.3599022,35.10417597,1
112.1380499,29.10446695,1
