JGDJ,percent
一级,0.0
二级,0.49780084541709024
三级,0.5446146593875215
