JGDJ,percent
一级,0.0
二级,0.741233391395933
三级,0.6430220408459858
