JGDJ,percent
一级,0.7853590340762061
二级,0.6411289633386803
三级,0.5424628439440627
