JD,WD,value
116.7670156,30.60366922,1
119.268782,35.29195705,1
118.9893251,35.40548657,1
119.3866344,35.28446157,1
112.1380499,29.10446695,1
118.6240406,33.84566739,1
116.2005516,37.43284291,1
119.3319313,35.86638699,1
119.1292477,35.78829172,1
