JD,WD,value
120.3880917,36.30814232,1
