JD,WD,value
116.7670156,30.60366922,1
119.339158,35.17647178,1
