JGDJ,percent
一级,0.790248737956892
二级,0.6903440865620247
三级,0.5240320649806504
