JD,WD,value
112.9563338,34.92070114,1
