JD,WD,value
119.3012309,35.39150145,1
119.2738349,35.51464975,1
118.9067767,35.58440415,1
111.9018348,22.4752086,1
