JGDJ,percent
一级,0.0
二级,0.67436631499702
三级,0.5258235479695558
