JGDJ,percent
一级,0.6644047914085088
二级,0.6760516646574088
三级,0.535807237571566
