JGDJ,percent
一级,0.0
二级,0.6392725240280629
三级,0.5389272709688048
