JD,WD,value
119.268782,35.29195705,1
119.339158,35.17647178,5
119.4586262,35.43829808,2
112.1380499,29.10446695,1
119.5170405,35.53091754,1
118.6240406,33.84566739,1
119.2738349,35.51464975,2
117.2007828,34.24453607,2
116.2005516,37.43284291,1
118.8435382,35.58587212,2
119.2155804,35.7556971,2
119.2163458,35.74590734,3
118.9996978,35.80907805,2
