JGDJ,percent
一级,0.0
二级,0.6631590994518842
三级,0.47689804463209995
