JGDJ,percent
一级,0.0
二级,0.5250462454318305
三级,0.5437620016652949
