JD,WD,value
119.268782,35.29195705,1
119.1934703,35.17300822,1
119.4586262,35.43829808,1
118.6240406,33.84566739,1
119.2738349,35.51464975,1
118.8435382,35.58587212,1
118.8011232,35.52220152,1
