JGDJ,percent
一级,0.7665680665772311
二级,0.7970801103723802
三级,0.6514764827972458
