JGDJ,percent
一级,0.96
二级,0.07042253521126761
三级,0.08333333333333333
