JGDJ,percent
一级,0.7406649251437853
二级,0.5949847953434573
三级,0.4705665782521883
