JD,WD,value
116.7670156,30.60366922,1
119.3866344,35.28446157,1
119.5170405,35.53091754,1
