JGDJ,percent
一级,0.0
二级,0.6398188062749466
三级,0.483030664536157
