JD,WD,value
119.1292477,35.78829172,1
