JD,WD,value
119.1934703,35.17300822,2
119.3599022,35.10417597,2
105.9712604,35.34351848,1
117.2007828,34.24453607,1
106.9507598,27.70800021,2
115.6151801,38.90127817,1
