JGDJ,percent
一级,0.0
二级,0.8189877928829039
三级,0.49773472653456596
