JD,WD,value
119.268782,35.29195705,1
119.2860155,35.13672208,1
119.339158,35.17647178,3
119.1934703,35.17300822,2
119.3599022,35.10417597,1
119.3866344,35.28446157,1
118.6240406,33.84566739,1
115.6115866,38.62736949,1
119.2155804,35.7556971,2
119.2163458,35.74590734,2
