JD,WD,value
119.5734467,35.57720323,1
119.339158,35.17647178,1
119.4686243,35.431049,1
119.5540672,35.3961023,1
119.3866344,35.28446157,1
112.1380499,29.10446695,2
119.5301142,35.46771125,1
119.3012309,35.39150145,1
106.9507598,27.70800021,1
