JGDJ,percent
一级,0.9301340354923001
二级,0.6579317781346895
三级,0.43451437148438504
