JD,WD,value
119.268782,35.29195705,1
119.3012309,35.39150145,1
119.4246591,35.73670114,1
