JGDJ,percent
一级,0.0
二级,0.5927225683355263
三级,0.5157253192646684
