JD,WD,value
119.5734467,35.57720323,1
119.3012309,35.39150145,1
118.6240406,33.84566739,1
117.2007828,34.24453607,1
