JD,WD,value
118.9893251,35.40548657,1
119.2860155,35.13672208,2
119.339158,35.17647178,3
119.3599022,35.10417597,1
119.4586262,35.43829808,2
112.1380499,29.10446695,1
119.5170405,35.53091754,1
106.9507598,27.70800021,1
115.6151801,38.90127817,1
118.8150764,35.8120243,1
118.8435382,35.58587212,3
113.8643611,36.13099864,2
119.2155804,35.7556971,1
119.2163458,35.74590734,2
119.4246591,35.73670114,1
