JD,WD,value
119.1934703,35.17300822,1
