JGDJ,percent
一级,0.0
二级,0.60411011561985
三级,0.48940411546274126
