JD,WD,value
119.2738349,35.51464975,2
117.2007828,34.24453607,1
119.2155804,35.7556971,1
