JGDJ,percent
一级,0.0
二级,0.696132420053385
三级,0.5961550585911218
