JD,WD,value
119.2860155,35.13672208,1
119.339158,35.17647178,1
119.1934703,35.17300822,1
119.3599022,35.10417597,1
105.9712604,35.34351848,1
119.2163458,35.74590734,6
118.9996978,35.80907805,1
