JGDJ,percent
一级,0.48931167165455325
二级,0.6083242841801025
三级,0.0
