JD,WD,value
119.5734467,35.57720323,2
119.268782,35.29195705,1
119.4586262,35.43829808,3
119.3866344,35.28446157,1
117.2007828,34.24453607,1
106.9507598,27.70800021,2
118.7800798,35.59681379,1
116.2005516,37.43284291,1
113.8643611,36.13099864,1
119.2155804,35.7556971,2
119.2163458,35.74590734,2
118.9996978,35.80907805,2
119.3319313,35.86638699,1
119.1292477,35.78829172,1
