JD,WD,value
116.2979565,35.41008808,1
119.2860155,35.13672208,1
119.4686243,35.431049,1
119.4586262,35.43829808,2
119.3866344,35.28446157,1
112.1380499,29.10446695,1
118.6240406,33.84566739,1
119.2738349,35.51464975,1
117.2007828,34.24453607,3
119.4246591,35.73670114,1
