JD,WD,value
119.4586262,35.43829808,1
117.2007828,34.24453607,1
119.4246591,35.73670114,1
