JD,WD,value
115.6151801,38.90127817,1
