JD,WD,value
116.7670156,30.60366922,1
105.9712604,35.34351848,3
119.5170405,35.53091754,1
118.6240406,33.84566739,1
106.9507598,27.70800021,1
115.6115866,38.62736949,1
