JGDJ,percent
一级,0.0
二级,0.7020902440553636
三级,0.49366703084219926
