JD,WD,value
112.9563338,34.92070114,2
118.8435382,35.58587212,1
119.2163458,35.74590734,2
