JGDJ,percent
一级,0.0
二级,0.5945736153007595
三级,0.6265504585755924
