JD,WD,value
119.2749927,35.61298018,4
