JGDJ,percent
一级,0.7123228349346388
二级,0.0
三级,0.5285838640393759
