JD,WD,value
118.9893251,35.40548657,1
119.3866344,35.28446157,1
119.2155804,35.7556971,1
119.2163458,35.74590734,2
