JD,WD,value
116.2005516,37.43284291,1
118.7692124,35.77904003,1
