JD,WD,value
119.5734467,35.57720323,1
119.339158,35.17647178,3
119.3866344,35.28446157,1
