JGDJ,percent
一级,0.748427302959255
二级,0.7443004307373383
三级,0.582848318343867
