JD,WD,value
120.3880917,36.30814232,1
112.9563338,34.92070114,1
118.8435382,35.58587212,7
118.9067767,35.58440415,2
118.931584,35.46998243,1
118.9460049,35.65733871,2
118.9721459,35.9918261,1
