JGDJ,percent
一级,0.8359371989130784
二级,0.9114334645138346
三级,0.8960179004088147
