JGDJ,percent
一级,0.14184397163120568
二级,0.040229885057471264
三级,0.01859504132231405
