JGDJ,percent
一级,0.0
二级,0.7909681584877792
三级,0.7690574756235328
