JD,WD,value
118.8011232,35.52220152,1
113.8643611,36.13099864,2
