JGDJ,percent
一级,0.7609067328295929
二级,0.6162108613791647
三级,0.0
