JGDJ,percent
一级,0.818464447423465
二级,0.5934955856765407
三级,0.0
