JD,WD,value
119.5734467,35.57720323,1
119.4586262,35.43829808,1
