JD,WD,value
119.1934703,35.17300822,1
118.8435382,35.58587212,1
118.931584,35.46998243,1
119.2163458,35.74590734,1
