JGDJ,percent
一级,0.0
二级,0.7200202125741311
三级,0.7113127207819623
