JGDJ,percent
一级,0.8276233211436596
二级,0.0
三级,0.49931633532633257
