JD,WD,value
118.9893251,35.40548657,1
112.9563338,34.92070114,1
