JGDJ,percent
一级,0.5198783294968761
二级,0.0
三级,0.28137596163892414
