JD,WD,value
115.6151801,38.90127817,2
108.4963313,30.77400589,2
