JGDJ,percent
一级,0.0
二级,0.6150440926725145
三级,0.37313344240274626
