JD,WD,value
119.339158,35.17647178,1
119.5301142,35.46771125,1
