JGDJ,percent
一级,0.0
二级,0.6131553896166182
三级,0.4821839968013065
