JGDJ,percent
一级,0.0
二级,0.6974525898442424
三级,0.6702014263739338
