JD,WD,value
119.2860155,35.13672208,1
119.5540672,35.3961023,1
117.2007828,34.24453607,2
106.9507598,27.70800021,1
118.8011232,35.52220152,1
118.9996978,35.80907805,1
