JGDJ,percent
一级,0.8855430505205328
二级,0.6863184709262709
三级,0.7670454443977134
