JD,WD,value
119.2738349,35.51464975,1
106.9507598,27.70800021,1
