JD,WD,value
120.3880917,36.30814232,1
118.931584,35.46998243,1
