JD,WD,value
118.895378,35.87753653,1
118.8150764,35.8120243,1
117.1689372,28.2246819,3
118.9460049,35.65733871,1
118.9721459,35.9918261,1
