JGDJ,percent
一级,0.7736935798041821
二级,0.0
三级,0.4893274848527479
