JGDJ,percent
一级,0.0
二级,0.03125
三级,0.1485148514851485
