JD,WD,value
119.268782,35.29195705,1
117.2007828,34.24453607,2
119.3319313,35.86638699,1
