JGDJ,percent
一级,0.8821637310247153
二级,0.6909162250770741
三级,0.6044734402292031
