JGDJ,percent
一级,0.44083694083694086
二级,0.0
三级,0.4053674815053072
