JGDJ,percent
一级,0.8024666738327998
二级,0.6980919839133983
三级,0.4517914977137106
