JD,WD,value
119.4586262,35.43829808,1
115.6115866,38.62736949,1
118.7800798,35.59681379,1
115.6151801,38.90127817,2
118.8150764,35.8120243,2
108.4963313,30.77400589,1
118.8435382,35.58587212,5
118.9721459,35.9918261,1
119.3319313,35.86638699,1
119.3964308,35.50585644,1
