JD,WD,value
105.9712604,35.34351848,1
119.4586262,35.43829808,2
119.3012309,35.39150145,1
