JGDJ,percent
一级,0.8512511514494717
二级,0.6818169217601624
三级,0.4890101235184509
