JD,WD,value
106.9507598,27.70800021,1
113.8643611,36.13099864,1
