JD,WD,value
119.3866344,35.28446157,2
118.8435382,35.58587212,2
119.2155804,35.7556971,1
118.9996978,35.80907805,1
119.3319313,35.86638699,1
119.4246591,35.73670114,1
