JD,WD,value
118.6240406,33.84566739,1
119.2738349,35.51464975,1
119.3319313,35.86638699,1
111.9018348,22.4752086,2
