JD,WD,value
118.7800798,35.59681379,1
111.9018348,22.4752086,1
