JD,WD,value
119.268782,35.29195705,1
106.7371863,30.28648256,1
119.4586262,35.43829808,1
118.6240406,33.84566739,1
118.7800798,35.59681379,1
118.8150764,35.8120243,1
118.8435382,35.58587212,1
118.8011232,35.52220152,1
118.7692124,35.77904003,1
119.2155804,35.7556971,2
119.2163458,35.74590734,4
119.4610803,35.68345171,1
