JGDJ,percent
一级,0.7999687491861768
二级,0.0
三级,0.4883964561315
