JGDJ,percent
一级,0.7500773219321386
二级,0.0
三级,0.9161032897978306
