JGDJ,percent
一级,0.8021310218167874
二级,0.6978388729895378
三级,0.5559403650172966
