JGDJ,percent
一级,0.8460875124137449
二级,0.7469493876668016
三级,0.0
