JD,WD,value
118.9893251,35.40548657,1
106.7371863,30.28648256,5
119.339158,35.17647178,4
118.6240406,33.84566739,1
106.9507598,27.70800021,2
120.3880917,36.30814232,1
118.8435382,35.58587212,1
113.8643611,36.13099864,1
118.931584,35.46998243,1
119.2163458,35.74590734,3
119.3319313,35.86638699,1
