JGDJ,percent
一级,0.9085350825794091
二级,0.3467451007275002
三级,0.39456976022609164
