JGDJ,percent
一级,0.0
二级,0.7153207773108304
三级,0.6320348254059782
