JD,WD,value
119.1934703,35.17300822,1
119.4586262,35.43829808,1
119.5301142,35.46771125,1
117.2007828,34.24453607,1
