JD,WD,value
119.5540672,35.3961023,1
115.6151801,38.90127817,1
118.9799089,35.92304007,1
