JGDJ,percent
一级,0.8935631601359524
二级,0.4584756230473008
三级,0.49016580212777766
