JGDJ,percent
一级,0.768348855404962
二级,0.6664887156642375
三级,0.4803917381288527
