JGDJ,percent
一级,0.8155639884333076
二级,0.6308756751828928
三级,0.5210308111793774
