JD,WD,value
119.4686243,35.431049,1
119.2163458,35.74590734,1
