JD,WD,value
119.268782,35.29195705,1
106.7371863,30.28648256,1
119.4586262,35.43829808,2
112.1380499,29.10446695,1
119.5301142,35.46771125,1
