JGDJ,percent
一级,0.6488560689443165
二级,0.7168757838389463
三级,0.5440642432809368
