JGDJ,percent
一级,0.19672131147540983
二级,0.5
三级,0.24390243902439024
