JD,WD,value
119.4586262,35.43829808,1
106.9507598,27.70800021,2
