JD,WD,value
119.5170405,35.53091754,1
119.2155804,35.7556971,1
