JD,WD,value
116.7670156,30.60366922,1
119.268782,35.29195705,1
119.4586262,35.43829808,1
119.3012309,35.39150145,1
118.6240406,33.84566739,2
118.7800798,35.59681379,1
120.3880917,36.30814232,1
118.895378,35.87753653,1
115.6151801,38.90127817,1
106.3741305,31.87138456,1
113.8643611,36.13099864,1
