JGDJ,percent
一级,0.6783309008422868
二级,0.64009544447997
三级,0.5882774699298619
