JGDJ,percent
一级,0.15789473684210525
二级,0.05426356589147287
三级,0.06109324758842444
