JGDJ,percent
一级,0.45520361990950226
二级,0.9283911176633703
三级,0.8995204744173007
