JGDJ,percent
一级,0.0
二级,0.7476029971436935
三级,0.832066616693283
