JGDJ,percent
一级,0.8969294921416684
二级,0.7381210088814893
三级,0.7123601174722531
