JGDJ,percent
一级,0.8820156532627064
二级,0.792075276716902
三级,0.6598462084636889
