JGDJ,percent
一级,0.7491352281713728
二级,0.5807953847704047
三级,0.533338546640747
