JGDJ,percent
一级,0.8690655475458994
二级,0.718085972170826
三级,0.48017277672061026
