JGDJ,percent
一级,0.7335894125536602
二级,0.6431492950800519
三级,0.0
