JGDJ,percent
一级,0.7046444587625554
二级,0.5407380805828778
三级,0.0
