JD,WD,value
119.5734467,35.57720323,1
106.3741305,31.87138456,1
118.9996978,35.80907805,1
