JD,WD,value
119.4586262,35.43829808,1
119.3866344,35.28446157,1
118.6240406,33.84566739,1
118.7800798,35.59681379,1
116.2005516,37.43284291,1
119.2155804,35.7556971,3
119.2163458,35.74590734,10
119.1461076,35.65612567,1
119.1292477,35.78829172,3
