JD,WD,value
119.339158,35.17647178,1
119.3599022,35.10417597,1
116.2005516,37.43284291,1
113.8643611,36.13099864,1
119.2163458,35.74590734,1
