JD,WD,value
116.2979565,35.41008808,1
119.5734467,35.57720323,1
116.7670156,30.60366922,1
119.1934703,35.17300822,1
105.9712604,35.34351848,1
119.4686243,35.431049,1
119.3866344,35.28446157,1
112.1380499,29.10446695,1
119.5301142,35.46771125,1
118.6240406,33.84566739,2
117.2007828,34.24453607,1
119.2155804,35.7556971,4
119.2163458,35.74590734,3
119.3319313,35.86638699,2
119.1461076,35.65612567,1
