JGDJ,percent
一级,0.6693778073767588
二级,0.6848276693609319
三级,0.4878980167617179
