JD,WD,value
115.4590891,38.53731644,1
119.3319313,35.86638699,1
