JD,WD,value
117.2007828,34.24453607,1
118.7800798,35.59681379,1
118.895378,35.87753653,1
115.6151801,38.90127817,1
118.8011232,35.52220152,1
117.1689372,28.2246819,1
118.9799089,35.92304007,1
118.7692124,35.77904003,1
119.2155804,35.7556971,4
119.2163458,35.74590734,4
118.9996978,35.80907805,1
119.2749927,35.61298018,1
119.4610803,35.68345171,1
119.3319313,35.86638699,4
119.1461076,35.65612567,2
111.9018348,22.4752086,1
