JD,WD,value
118.8435382,35.58587212,2
118.931584,35.46998243,1
119.1461076,35.65612567,1
