JGDJ,percent
一级,0.8228619187241388
二级,0.0
三级,0.6293982252939279
