JGDJ,percent
一级,0.9291380552105
二级,0.6028889601633892
三级,0.8928085184555663
