JD,WD,value
119.268782,35.29195705,1
119.3599022,35.10417597,1
119.4586262,35.43829808,2
119.5170405,35.53091754,1
106.9507598,27.70800021,2
118.8435382,35.58587212,5
113.8643611,36.13099864,1
115.4590891,38.53731644,1
119.2155804,35.7556971,2
119.2163458,35.74590734,2
119.1292477,35.78829172,1
