JGDJ,percent
一级,0.9433489303563136
二级,0.7226736988966982
三级,0.5031117173124694
