JGDJ,percent
一级,0.0
二级,0.6264454699682895
三级,0.5516923884365086
