JGDJ,percent
一级,0.8166641613159534
二级,0.7147616225521511
三级,0.0
