JGDJ,percent
一级,0.587251468563481
二级,0.6067247321385896
三级,0.0
