JGDJ,percent
一级,0.9121468779769637
二级,0.6883321620818813
三级,0.801041869816218
