JGDJ,percent
一级,0.0
二级,0.7120990500895297
三级,0.5817956303781509
