JD,WD,value
105.9712604,35.34351848,1
119.4686243,35.431049,1
119.4586262,35.43829808,1
119.5540672,35.3961023,1
119.3866344,35.28446157,1
119.5301142,35.46771125,1
118.7800798,35.59681379,1
116.2005516,37.43284291,1
120.3880917,36.30814232,1
115.6151801,38.90127817,1
118.8435382,35.58587212,2
118.8011232,35.52220152,1
113.8643611,36.13099864,1
118.9067767,35.58440415,1
117.1689372,28.2246819,1
119.2163458,35.74590734,1
119.3319313,35.86638699,2
