JGDJ,percent
一级,0.7969370853958312
二级,0.7393543989122663
三级,0.5988167981013062
