JGDJ,percent
一级,0.743391434565286
二级,0.6018503458326958
三级,0.4068418604130664
