JGDJ,percent
一级,0.6827515476547136
二级,0.7917287511120455
三级,0.6238267716876601
