JGDJ,percent
一级,0.8240218737798212
二级,0.6569167106320157
三级,0.44379274732555196
