JD,WD,value
119.4686243,35.431049,1
119.5301142,35.46771125,1
119.4610803,35.68345171,1
