JD,WD,value
119.5540672,35.3961023,1
113.8643611,36.13099864,1
118.9067767,35.58440415,3
119.2163458,35.74590734,3
119.1292477,35.78829172,1
