JD,WD,value
119.5734467,35.57720323,1
119.268782,35.29195705,1
119.2860155,35.13672208,1
119.339158,35.17647178,1
119.3599022,35.10417597,2
112.1380499,29.10446695,1
119.5301142,35.46771125,1
118.6240406,33.84566739,2
106.9507598,27.70800021,2
118.7800798,35.59681379,1
116.2005516,37.43284291,1
118.895378,35.87753653,1
115.6151801,38.90127817,1
108.4963313,30.77400589,1
119.2749927,35.61298018,1
