JD,WD,value
119.5734467,35.57720323,1
105.9712604,35.34351848,1
119.5170405,35.53091754,1
118.6240406,33.84566739,1
115.6115866,38.62736949,1
115.6151801,38.90127817,1
118.8011232,35.52220152,1
117.1689372,28.2246819,1
