JGDJ,percent
一级,0.8869610426366783
二级,0.5709947400946839
三级,0.0
