JGDJ,percent
一级,0.8135770211202492
二级,0.5362795757760248
三级,0.47576655178815
