JGDJ,percent
一级,0.6667885942306093
二级,0.46192299888044297
三级,0.3952979612465367
