JD,WD,value
112.1380499,29.10446695,2
119.5301142,35.46771125,1
117.2007828,34.24453607,1
118.9799089,35.92304007,2
