JD,WD,value
118.931584,35.46998243,1
115.4590891,38.53731644,1
