JGDJ,percent
一级,0.8399185926467152
二级,0.6351813521473666
三级,0.6067399116571862
