JD,WD,value
119.5734467,35.57720323,2
119.4686243,35.431049,1
117.1689372,28.2246819,4
119.2163458,35.74590734,2
