JGDJ,percent
一级,0.7037240856684047
二级,0.6317817150725974
三级,0.46528778482872446
