JD,WD,value
119.4686243,35.431049,1
119.4586262,35.43829808,1
119.3866344,35.28446157,1
117.2007828,34.24453607,1
118.895378,35.87753653,1
119.2155804,35.7556971,1
119.2163458,35.74590734,1
