JD,WD,value
120.3880917,36.30814232,1
118.9799089,35.92304007,1
