JD,WD,value
119.2738349,35.51464975,1
118.9460049,35.65733871,1
119.1461076,35.65612567,1
