JD,WD,value
119.5734467,35.57720323,1
106.7371863,30.28648256,1
119.1934703,35.17300822,1
119.4686243,35.431049,1
119.3012309,35.39150145,1
