JD,WD,value
116.2005516,37.43284291,1
106.3741305,31.87138456,1
119.2163458,35.74590734,1
