JGDJ,percent
一级,0.721690888792746
二级,0.5883855342458688
三级,0.4205047498932779
