JGDJ,percent
一级,0.0
二级,0.6813456374941671
三级,0.44457223900605186
