JD,WD,value
119.5734467,35.57720323,1
119.268782,35.29195705,1
119.3599022,35.10417597,2
105.9712604,35.34351848,3
119.4686243,35.431049,1
119.4586262,35.43829808,1
119.3866344,35.28446157,1
118.6240406,33.84566739,2
119.2738349,35.51464975,1
116.2005516,37.43284291,1
120.3880917,36.30814232,1
112.9563338,34.92070114,1
118.8435382,35.58587212,4
113.8643611,36.13099864,1
115.4590891,38.53731644,13
119.2749927,35.61298018,1
