JD,WD,value
119.268782,35.29195705,1
118.9893251,35.40548657,1
106.7371863,30.28648256,2
119.339158,35.17647178,2
119.1934703,35.17300822,1
119.3599022,35.10417597,2
105.9712604,35.34351848,1
119.4586262,35.43829808,3
119.3012309,35.39150145,1
118.7800798,35.59681379,2
120.3880917,36.30814232,1
115.6151801,38.90127817,1
108.4963313,30.77400589,1
118.8435382,35.58587212,1
113.8643611,36.13099864,1
119.2155804,35.7556971,1
119.4610803,35.68345171,1
