JGDJ,percent
一级,0.9144680642405694
二级,0.6984167986321413
三级,0.5844673520202627
