JGDJ,percent
一级,0.8030309082510755
二级,0.5181277208152789
三级,0.4065612336182392
