JGDJ,percent
一级,0.0
二级,0.6783629300439132
三级,0.5849303323765751
