JGDJ,percent
一级,0.30934759358288777
二级,0.0
三级,0.3608253012048193
