JD,WD,value
116.7670156,30.60366922,1
113.8643611,36.13099864,1
119.3319313,35.86638699,2
