JGDJ,percent
一级,0.9502125556104795
二级,0.0
三级,0.5002262029828465
