JD,WD,value
116.7670156,30.60366922,1
105.9712604,35.34351848,1
119.4686243,35.431049,1
119.4586262,35.43829808,1
119.5540672,35.3961023,1
119.3866344,35.28446157,2
119.3012309,35.39150145,1
106.9507598,27.70800021,1
118.7800798,35.59681379,2
120.3880917,36.30814232,2
118.895378,35.87753653,1
115.6151801,38.90127817,1
118.8011232,35.52220152,3
118.9067767,35.58440415,1
115.4590891,38.53731644,2
119.2163458,35.74590734,2
119.3319313,35.86638699,1
