JGDJ,percent
一级,0.8696900260296903
二级,0.6094529198860341
三级,0.5542457367140384
