JGDJ,percent
一级,0.7539011039417755
二级,0.5879382305279756
三级,0.5168598983623689
