JD,WD,value
119.4586262,35.43829808,1
120.3880917,36.30814232,1
118.895378,35.87753653,1
119.2749927,35.61298018,7
