JGDJ,percent
一级,0.0
二级,0.7107726404034239
三级,0.5876833432294394
