JGDJ,percent
一级,0.6032105955288372
二级,0.7058997800349935
三级,0.7000896343034966
