JGDJ,percent
一级,0.897517573377082
二级,0.8183764815427882
三级,0.0
