JGDJ,percent
一级,0.5868665748193694
二级,0.56167610734824
三级,0.4318319935808887
