JD,WD,value
118.9893251,35.40548657,1
119.2860155,35.13672208,1
118.9460049,35.65733871,1
119.2163458,35.74590734,2
