JD,WD,value
108.4963313,30.77400589,1
118.931584,35.46998243,1
119.2749927,35.61298018,1
