JD,WD,value
118.9893251,35.40548657,1
119.2860155,35.13672208,1
119.339158,35.17647178,2
119.1934703,35.17300822,1
119.3599022,35.10417597,2
119.5301142,35.46771125,1
119.5170405,35.53091754,2
106.9507598,27.70800021,1
119.4610803,35.68345171,1
119.1461076,35.65612567,1
