JGDJ,percent
一级,0.4688235794020165
二级,0.6247874028871541
三级,0.4306993458547405
