JGDJ,percent
一级,0.804734190239168
二级,0.6630515531683829
三级,0.5447894934479469
