JGDJ,percent
一级,0.0
二级,0.7290629258998742
三级,0.6512476139256329
