JD,WD,value
119.2860155,35.13672208,2
119.3012309,35.39150145,2
119.2738349,35.51464975,1
118.8435382,35.58587212,5
118.8011232,35.52220152,1
113.8643611,36.13099864,15
118.9067767,35.58440415,1
118.931584,35.46998243,2
118.9460049,35.65733871,2
118.9721459,35.9918261,1
119.2155804,35.7556971,4
119.2163458,35.74590734,20
118.9996978,35.80907805,3
119.2749927,35.61298018,8
119.3319313,35.86638699,2
119.4246591,35.73670114,2
119.1461076,35.65612567,2
