JGDJ,percent
一级,0.0
二级,0.613852418880598
三级,0.48910174896864644
