JGDJ,percent
一级,0.7217707281162793
二级,0.4583333333333333
三级,0.0
