JGDJ,percent
一级,0.0
二级,0.6741934372765849
三级,0.6156843131418531
