JGDJ,percent
一级,0.0
二级,0.911411581416835
三级,0.4565432878741667
