JD,WD,value
119.268782,35.29195705,1
119.5301142,35.46771125,1
119.3012309,35.39150145,2
117.2007828,34.24453607,1
106.9507598,27.70800021,1
106.3741305,31.87138456,1
119.1461076,35.65612567,1
