JD,WD,value
119.5734467,35.57720323,2
119.2860155,35.13672208,2
105.9712604,35.34351848,1
119.3866344,35.28446157,1
119.5301142,35.46771125,1
118.6240406,33.84566739,1
119.2738349,35.51464975,1
106.9507598,27.70800021,2
118.8435382,35.58587212,1
113.8643611,36.13099864,1
