JGDJ,percent
一级,0.9110142313572113
二级,0.69822016100596
三级,0.63432264838207
