JGDJ,percent
一级,0.8062850469827925
二级,0.5790920051021677
三级,0.5478734005146351
