JD,WD,value
119.339158,35.17647178,1
105.9712604,35.34351848,1
119.4686243,35.431049,1
119.4586262,35.43829808,1
119.5170405,35.53091754,1
116.2005516,37.43284291,1
106.3741305,31.87138456,1
118.8150764,35.8120243,1
108.4963313,30.77400589,1
118.8435382,35.58587212,2
118.8011232,35.52220152,1
113.8643611,36.13099864,4
118.9799089,35.92304007,5
119.2155804,35.7556971,4
