JGDJ,percent
一级,0.7471904776295963
二级,0.6648042124277869
三级,0.5037154415303068
