JD,WD,value
119.2860155,35.13672208,1
118.6240406,33.84566739,1
106.3741305,31.87138456,1
118.8435382,35.58587212,2
119.2155804,35.7556971,9
119.2163458,35.74590734,2
119.3319313,35.86638699,5
119.1056767,35.91554883,2
119.1292477,35.78829172,1
