JD,WD,value
115.6115866,38.62736949,1
113.8643611,36.13099864,2
119.3319313,35.86638699,2
