JD,WD,value
106.7371863,30.28648256,1
118.8435382,35.58587212,3
118.9460049,35.65733871,1
