JGDJ,percent
一级,0.672592728355747
二级,0.4796987149983207
三级,0.30927079374190397
