JGDJ,percent
一级,0.6809210451903919
二级,0.0
三级,0.4452131552812763
