JGDJ,percent
一级,0.7822537484975305
二级,0.5100489762199799
三级,0.0
