JD,WD,value
119.3012309,35.39150145,1
118.6240406,33.84566739,6
119.4686243,35.431049,1
118.8011232,35.52220152,1
