JD,WD,value
118.6240406,33.84566739,1
119.2738349,35.51464975,1
115.6151801,38.90127817,1
118.7692124,35.77904003,1
119.2163458,35.74590734,1
119.2749927,35.61298018,1
119.4610803,35.68345171,1
