JD,WD,value
116.7670156,30.60366922,1
118.8435382,35.58587212,2
