JD,WD,value
119.268782,35.29195705,1
106.7371863,30.28648256,1
105.9712604,35.34351848,1
119.4586262,35.43829808,2
119.3012309,35.39150145,1
106.9507598,27.70800021,2
120.3880917,36.30814232,1
112.9563338,34.92070114,1
118.8011232,35.52220152,1
113.8643611,36.13099864,1
119.2163458,35.74590734,1
118.9996978,35.80907805,1
119.1461076,35.65612567,1
119.1056767,35.91554883,1
