JD,WD,value
119.268782,35.29195705,1
115.6115866,38.62736949,1
120.3880917,36.30814232,1
118.895378,35.87753653,1
