JD,WD,value
116.2979565,35.41008808,2
119.2860155,35.13672208,2
119.339158,35.17647178,4
119.3866344,35.28446157,1
115.6115866,38.62736949,1
118.895378,35.87753653,1
112.9563338,34.92070114,1
118.8435382,35.58587212,2
117.1689372,28.2246819,1
118.9460049,35.65733871,1
119.2163458,35.74590734,2
