JD,WD,value
119.5734467,35.57720323,1
119.268782,35.29195705,1
119.339158,35.17647178,1
119.1934703,35.17300822,1
119.3599022,35.10417597,1
105.9712604,35.34351848,1
119.4586262,35.43829808,1
119.3866344,35.28446157,2
112.1380499,29.10446695,3
119.5301142,35.46771125,1
117.2007828,34.24453607,2
119.4610803,35.68345171,1
119.3319313,35.86638699,1
