JD,WD,value
105.9712604,35.34351848,1
118.8435382,35.58587212,1
118.9067767,35.58440415,1
118.9996978,35.80907805,3
119.2749927,35.61298018,1
