JD,WD,value
119.268782,35.29195705,1
105.9712604,35.34351848,1
119.5540672,35.3961023,4
119.5301142,35.46771125,1
119.2738349,35.51464975,2
106.9507598,27.70800021,6
116.2005516,37.43284291,2
106.3741305,31.87138456,1
115.4590891,38.53731644,1
119.3319313,35.86638699,1
