JD,WD,value
118.895378,35.87753653,1
118.8150764,35.8120243,1
118.8011232,35.52220152,3
119.3319313,35.86638699,1
