JGDJ,percent
一级,0.6381812559054294
二级,0.5004116246947261
三级,0.0
