JGDJ,percent
一级,0.7746619575904089
二级,0.0
三级,0.7140463306208112
