JGDJ,percent
一级,0.8548454385744125
二级,0.6318068664930817
三级,0.4603211928316172
