JGDJ,percent
一级,0.7962931007273123
二级,0.6435240038914947
三级,0.4804084392554566
