JGDJ,percent
一级,0.0
二级,0.6025755012678226
三级,0.48369381149221424
