JGDJ,percent
一级,0.8197007144020102
二级,0.0
三级,0.38991896589484665
