JD,WD,value
119.5301142,35.46771125,1
118.8011232,35.52220152,1
