JGDJ,percent
一级,0.4968653891648924
二级,0.0
三级,0.4306726789713798
