JGDJ,percent
一级,0.7923980828098534
二级,0.5269013305472758
三级,0.3890064919409301
