JD,WD,value
116.7670156,30.60366922,1
119.4686243,35.431049,1
119.3866344,35.28446157,1
117.2007828,34.24453607,1
116.2005516,37.43284291,2
115.6151801,38.90127817,2
118.8435382,35.58587212,2
118.8011232,35.52220152,90
113.8643611,36.13099864,20
118.931584,35.46998243,7
119.2163458,35.74590734,5
119.3319313,35.86638699,1
119.1056767,35.91554883,1
119.1292477,35.78829172,1
