JGDJ,percent
一级,0.0
二级,0.678734656999934
三级,0.3851379970519967
