JGDJ,percent
一级,0.6974641439075758
二级,0.0
三级,0.6574747780854
