JD,WD,value
119.2155804,35.7556971,2
