JD,WD,value
118.8435382,35.58587212,2
118.931584,35.46998243,17
119.2155804,35.7556971,2
119.2163458,35.74590734,11
119.3319313,35.86638699,2
