JGDJ,percent
一级,0.6852484989993329
二级,0.5500326459771065
三级,0.37235178169374494
