JGDJ,percent
一级,0.6356720104750614
二级,0.5611518228388965
三级,0.42660272907701124
