JD,WD,value
118.9893251,35.40548657,1
120.3880917,36.30814232,1
115.6151801,38.90127817,2
118.8150764,35.8120243,1
112.9563338,34.92070114,1
118.8435382,35.58587212,3
118.8011232,35.52220152,1
118.9067767,35.58440415,2
