JGDJ,percent
一级,0.0
二级,0.43125148198529867
三级,0.2247397207695629
