JD,WD,value
119.5734467,35.57720323,1
119.2738349,35.51464975,1
119.2155804,35.7556971,1
