JGDJ,percent
一级,0.0
二级,0.4849413819897794
三级,0.3703683666354084
