JD,WD,value
115.6115866,38.62736949,1
108.4963313,30.77400589,1
112.9563338,34.92070114,1
118.8435382,35.58587212,2
118.8011232,35.52220152,1
118.9067767,35.58440415,1
117.1689372,28.2246819,1
