JD,WD,value
106.9507598,27.70800021,1
118.8150764,35.8120243,1
118.8435382,35.58587212,1
