JGDJ,percent
一级,0.7941501666044023
二级,0.0
三级,0.3927059676330639
