JD,WD,value
119.3866344,35.28446157,1
119.2749927,35.61298018,1
