JD,WD,value
116.7670156,30.60366922,1
119.268782,35.29195705,1
119.339158,35.17647178,1
119.1934703,35.17300822,1
119.3599022,35.10417597,1
119.4686243,35.431049,1
119.4586262,35.43829808,1
119.5301142,35.46771125,2
118.6240406,33.84566739,1
106.9507598,27.70800021,1
116.2005516,37.43284291,1
119.2155804,35.7556971,1
119.1461076,35.65612567,1
111.9018348,22.4752086,2
