JGDJ,percent
一级,0.0
二级,0.7929644414640803
三级,0.5939703047871709
