JD,WD,value
119.5734467,35.57720323,1
119.268782,35.29195705,1
119.2860155,35.13672208,1
106.7371863,30.28648256,1
119.3599022,35.10417597,1
119.4586262,35.43829808,4
119.5540672,35.3961023,1
119.3866344,35.28446157,1
119.5301142,35.46771125,3
118.6240406,33.84566739,2
119.2738349,35.51464975,1
117.2007828,34.24453607,2
106.9507598,27.70800021,3
119.2163458,35.74590734,4
119.1292477,35.78829172,1
