JD,WD,value
116.2979565,35.41008808,1
117.2007828,34.24453607,1
118.9721459,35.9918261,1
