JD,WD,value
119.4586262,35.43829808,1
119.3866344,35.28446157,1
116.2005516,37.43284291,1
118.8435382,35.58587212,4
113.8643611,36.13099864,9
118.9067767,35.58440415,3
118.931584,35.46998243,1
115.4590891,38.53731644,8
119.2155804,35.7556971,10
119.2163458,35.74590734,95
119.3964308,35.50585644,2
119.1461076,35.65612567,3
