JD,WD,value
119.3866344,35.28446157,1
115.6115866,38.62736949,1
108.4963313,30.77400589,1
118.8435382,35.58587212,1
113.8643611,36.13099864,1
118.9460049,35.65733871,1
119.2155804,35.7556971,4
119.2163458,35.74590734,3
