JGDJ,percent
一级,0.4557774607703281
二级,0.7674416108084243
三级,0.4934027146515951
