JGDJ,percent
一级,0.0
二级,0.639087728646246
三级,0.6221451381536842
