JGDJ,percent
一级,0.6309204153776952
二级,0.5695351318143516
三级,0.0
