JD,WD,value
106.7371863,30.28648256,1
118.6240406,33.84566739,1
113.8643611,36.13099864,1
