JGDJ,percent
一级,0.798239547436166
二级,0.5469048558639716
三级,0.4740081992259117
