JGDJ,percent
一级,0.7778283122056417
二级,0.6639211080974016
三级,0.5092415317735617
