JD,WD,value
118.9893251,35.40548657,1
113.8643611,36.13099864,1
117.1689372,28.2246819,1
115.4590891,38.53731644,1
119.2155804,35.7556971,21
119.2163458,35.74590734,57
119.2749927,35.61298018,2
119.1292477,35.78829172,2
