JD,WD,value
119.2860155,35.13672208,1
105.9712604,35.34351848,1
119.3012309,35.39150145,1
116.2005516,37.43284291,2
118.895378,35.87753653,1
106.3741305,31.87138456,1
108.4963313,30.77400589,1
118.8435382,35.58587212,2
118.8011232,35.52220152,2
117.1689372,28.2246819,1
118.931584,35.46998243,2
115.4590891,38.53731644,1
