JD,WD,value
119.1934703,35.17300822,1
105.9712604,35.34351848,1
116.2005516,37.43284291,1
115.6151801,38.90127817,1
108.4963313,30.77400589,1
112.9563338,34.92070114,2
118.9067767,35.58440415,1
117.1689372,28.2246819,1
118.9996978,35.80907805,1
119.1461076,35.65612567,1
