JD,WD,value
106.9507598,27.70800021,1
118.7692124,35.77904003,1
