JGDJ,percent
一级,0.647928068611512
二级,0.7067025882234667
三级,0.5242637196789647
