JD,WD,value
118.6240406,33.84566739,1
119.2163458,35.74590734,1
