JGDJ,percent
一级,0.7635027294596595
二级,0.5845241188187408
三级,0.0
