JD,WD,value
118.7800798,35.59681379,1
118.8435382,35.58587212,1
118.8011232,35.52220152,1
119.2155804,35.7556971,1
119.2163458,35.74590734,1
118.9996978,35.80907805,2
119.2749927,35.61298018,8
