JGDJ,percent
一级,0.740198811011817
二级,0.9369880269561323
三级,0.0
