JD,WD,value
119.268782,35.29195705,1
118.8150764,35.8120243,1
113.8643611,36.13099864,1
119.2155804,35.7556971,1
119.2163458,35.74590734,8
118.9996978,35.80907805,1
