JD,WD,value
119.3012309,35.39150145,1
118.6240406,33.84566739,1
115.6115866,38.62736949,1
118.7800798,35.59681379,1
116.2005516,37.43284291,1
118.895378,35.87753653,1
112.9563338,34.92070114,1
118.8435382,35.58587212,4
118.931584,35.46998243,1
118.9721459,35.9918261,1
