JD,WD,value
119.5734467,35.57720323,1
119.5170405,35.53091754,1
118.8435382,35.58587212,1
