JD,WD,value
105.9712604,35.34351848,1
117.2007828,34.24453607,1
119.2155804,35.7556971,8
119.2163458,35.74590734,4
118.9996978,35.80907805,3
119.2749927,35.61298018,2
119.3319313,35.86638699,4
119.4246591,35.73670114,1
119.1056767,35.91554883,1
119.1292477,35.78829172,1
