JD,WD,value
119.339158,35.17647178,3
119.3599022,35.10417597,1
105.9712604,35.34351848,3
119.2738349,35.51464975,1
115.6115866,38.62736949,1
117.1689372,28.2246819,1
119.2155804,35.7556971,5
