JD,WD,value
118.9893251,35.40548657,1
115.6115866,38.62736949,1
118.8150764,35.8120243,1
118.8435382,35.58587212,3
113.8643611,36.13099864,2
118.9067767,35.58440415,3
115.4590891,38.53731644,1
118.9460049,35.65733871,2
118.9799089,35.92304007,1
119.2155804,35.7556971,1
