JGDJ,percent
一级,0.0
二级,0.7308951471412809
三级,0.6385795221278795
