JGDJ,percent
一级,0.0
二级,0.9199622170011538
三级,0.8612924515927741
