JGDJ,percent
一级,0.0
二级,0.7431592187865315
三级,0.6633663513720637
