JGDJ,percent
一级,0.8996805277784993
二级,0.0
三级,0.782506146720796
