JD,WD,value
116.2979565,35.41008808,1
119.339158,35.17647178,1
105.9712604,35.34351848,1
119.3866344,35.28446157,1
119.5301142,35.46771125,1
106.9507598,27.70800021,1
119.2155804,35.7556971,7
119.2163458,35.74590734,6
118.9996978,35.80907805,3
119.2749927,35.61298018,1
119.4246591,35.73670114,1
119.3964308,35.50585644,2
119.1056767,35.91554883,1
119.1292477,35.78829172,1
111.9018348,22.4752086,1
