JGDJ,percent
一级,0.0
二级,0.8953328090458172
三级,0.5688923653084927
