JD,WD,value
116.7670156,30.60366922,1
119.2860155,35.13672208,1
119.1934703,35.17300822,1
105.9712604,35.34351848,1
119.4586262,35.43829808,1
119.3866344,35.28446157,1
118.9721459,35.9918261,1
