JGDJ,percent
一级,0.0
二级,0.9521884458256671
三级,0.7502242213271898
