JGDJ,percent
一级,0.0
二级,0.8907767704474792
三级,0.7818482836262809
