JD,WD,value
119.4586262,35.43829808,1
119.5301142,35.46771125,1
117.2007828,34.24453607,1
118.9996978,35.80907805,1
