JD,WD,value
118.8435382,35.58587212,1
118.9721459,35.9918261,1
111.9018348,22.4752086,1
