JGDJ,percent
一级,0.0
二级,0.819190499503349
三级,0.7343706791716359
