JGDJ,percent
一级,0.0
二级,0.7392079663551879
三级,0.824986903593099
