JGDJ,percent
一级,0.0
二级,0.9446674782803046
三级,0.7643775815872177
