JD,WD,value
119.268782,35.29195705,3
119.339158,35.17647178,1
112.9563338,34.92070114,1
117.1689372,28.2246819,1
118.9460049,35.65733871,1
