JD,WD,value
116.2979565,35.41008808,1
119.268782,35.29195705,1
118.9893251,35.40548657,1
119.2860155,35.13672208,1
106.7371863,30.28648256,2
119.4586262,35.43829808,1
119.3866344,35.28446157,4
119.5301142,35.46771125,2
119.3012309,35.39150145,2
119.5170405,35.53091754,2
106.9507598,27.70800021,1
120.3880917,36.30814232,2
108.4963313,30.77400589,1
118.8435382,35.58587212,4
113.8643611,36.13099864,3
119.2155804,35.7556971,2
