JGDJ,percent
一级,0.0
二级,0.8022358726572089
三级,0.5912545667915935
