JD,WD,value
106.7371863,30.28648256,1
119.339158,35.17647178,1
119.1934703,35.17300822,1
