JGDJ,percent
一级,0.0
二级,0.7881886715673373
三级,0.7639696874483658
