JD,WD,value
118.9893251,35.40548657,1
119.3599022,35.10417597,1
119.3866344,35.28446157,1
115.6115866,38.62736949,1
118.7800798,35.59681379,1
116.2005516,37.43284291,1
106.3741305,31.87138456,1
112.9563338,34.92070114,1
118.8435382,35.58587212,1
119.2749927,35.61298018,1
