JGDJ,percent
一级,0.28814589665653495
二级,0.16552511415525115
三级,0.1517085993240706
