JGDJ,percent
一级,0.7745164389384546
二级,0.774234384845615
三级,0.7148406941249429
