JGDJ,percent
一级,0.0
二级,0.8265454191931558
三级,0.77824510701983
