JD,WD,value
106.7371863,30.28648256,1
