JD,WD,value
112.9563338,34.92070114,1
118.8435382,35.58587212,1
113.8643611,36.13099864,2
