JGDJ,percent
一级,0.0
二级,0.5643033886931723
三级,0.3821358855593931
