JD,WD,value
106.7371863,30.28648256,1
119.3866344,35.28446157,1
119.5170405,35.53091754,2
106.9507598,27.70800021,1
116.2005516,37.43284291,2
120.3880917,36.30814232,1
115.6151801,38.90127817,1
118.8435382,35.58587212,1
118.931584,35.46998243,1
118.9460049,35.65733871,1
118.9996978,35.80907805,1
