JGDJ,percent
一级,0.46243478265578336
二级,0.4853475602384713
三级,0.4306176663763866
