JGDJ,percent
一级,0.0
二级,0.719062244544206
三级,0.5734145408043411
