JD,WD,value
116.2005516,37.43284291,7
112.9563338,34.92070114,7
118.8435382,35.58587212,3
118.8011232,35.52220152,1
113.8643611,36.13099864,1
115.4590891,38.53731644,1
118.9799089,35.92304007,1
