JD,WD,value
118.931584,35.46998243,2
119.2163458,35.74590734,1
