JD,WD,value
116.2979565,35.41008808,1
119.268782,35.29195705,1
119.4686243,35.431049,1
119.4586262,35.43829808,1
119.5170405,35.53091754,1
117.2007828,34.24453607,1
106.9507598,27.70800021,1
116.2005516,37.43284291,4
118.8150764,35.8120243,1
112.9563338,34.92070114,1
118.8435382,35.58587212,5
113.8643611,36.13099864,1
118.931584,35.46998243,2
119.2155804,35.7556971,8
119.2163458,35.74590734,9
118.9996978,35.80907805,1
119.4610803,35.68345171,1
119.3319313,35.86638699,1
