JD,WD,value
119.268782,35.29195705,2
