JGDJ,percent
一级,0.862008370114406
二级,0.6663826417428421
三级,0.6035382914876495
