JGDJ,percent
一级,0.6452865370090634
二级,0.3372075753728519
三级,0.43628642851057287
