JD,WD,value
118.8435382,35.58587212,1
119.2163458,35.74590734,1
119.3319313,35.86638699,2
