JGDJ,percent
一级,0.46522787333673327
二级,0.40727934485896267
三级,0.0
