JGDJ,percent
一级,0.0
二级,0.7241181531402352
三级,0.6509026944025431
