JD,WD,value
116.7670156,30.60366922,1
106.7371863,30.28648256,1
105.9712604,35.34351848,1
119.4686243,35.431049,1
119.5540672,35.3961023,1
119.3012309,35.39150145,2
118.6240406,33.84566739,1
117.2007828,34.24453607,1
115.6151801,38.90127817,1
118.8435382,35.58587212,1
119.2155804,35.7556971,6
118.9996978,35.80907805,1
119.4610803,35.68345171,3
119.3964308,35.50585644,1
