JD,WD,value
117.2007828,34.24453607,1
106.9507598,27.70800021,1
118.895378,35.87753653,1
118.8435382,35.58587212,1
117.1689372,28.2246819,1
119.2155804,35.7556971,3
119.2163458,35.74590734,2
119.1292477,35.78829172,2
