JGDJ,percent
一级,0.8189170075443415
二级,0.8538380617909337
三级,0.5008312218108708
