JGDJ,percent
一级,0.8575492380459729
二级,0.0
三级,0.6789884936746943
