JD,WD,value
108.4963313,30.77400589,1
118.8435382,35.58587212,1
