JGDJ,percent
一级,0.9460091519000917
二级,0.0
三级,0.6017837437077652
