JD,WD,value
119.4686243,35.431049,1
118.8435382,35.58587212,3
118.7692124,35.77904003,1
