JD,WD,value
116.2979565,35.41008808,1
119.339158,35.17647178,1
119.4686243,35.431049,1
119.4586262,35.43829808,1
119.5540672,35.3961023,1
115.6151801,38.90127817,1
