JGDJ,percent
一级,0.0
二级,0.631602898294601
三级,0.9530293469263991
