JD,WD,value
116.2979565,35.41008808,1
118.9893251,35.40548657,1
119.2860155,35.13672208,1
106.7371863,30.28648256,1
119.4686243,35.431049,3
119.4586262,35.43829808,1
119.5540672,35.3961023,2
119.5301142,35.46771125,2
119.5170405,35.53091754,1
117.2007828,34.24453607,1
106.9507598,27.70800021,3
118.8435382,35.58587212,1
119.2155804,35.7556971,1
118.9996978,35.80907805,1
119.1292477,35.78829172,1
