JD,WD,value
119.2860155,35.13672208,1
119.4586262,35.43829808,1
119.3012309,35.39150145,1
118.6240406,33.84566739,1
106.9507598,27.70800021,1
108.4963313,30.77400589,2
113.8643611,36.13099864,1
117.1689372,28.2246819,1
118.7692124,35.77904003,1
118.9996978,35.80907805,1
111.9018348,22.4752086,1
