JGDJ,percent
一级,0.0
二级,0.6381771346856729
三级,0.7850589549359744
