JGDJ,percent
一级,0.8495673558282143
二级,0.6709575784545819
三级,0.503242103484437
