JD,WD,value
116.2005516,37.43284291,5
118.8435382,35.58587212,3
