JGDJ,percent
一级,0.5756496936953818
二级,0.44842246587603485
三级,0.0
