JD,WD,value
116.7670156,30.60366922,1
119.268782,35.29195705,2
105.9712604,35.34351848,1
119.4686243,35.431049,1
119.4586262,35.43829808,1
119.3866344,35.28446157,2
112.1380499,29.10446695,1
118.6240406,33.84566739,1
106.9507598,27.70800021,2
118.895378,35.87753653,1
115.6151801,38.90127817,1
108.4963313,30.77400589,1
113.8643611,36.13099864,1
115.4590891,38.53731644,1
118.9996978,35.80907805,1
119.1056767,35.91554883,1
119.1292477,35.78829172,1
