JD,WD,value
118.9893251,35.40548657,1
119.2860155,35.13672208,1
105.9712604,35.34351848,2
119.5540672,35.3961023,1
118.6240406,33.84566739,3
116.2005516,37.43284291,2
118.8435382,35.58587212,1
115.4590891,38.53731644,1
118.9799089,35.92304007,1
119.2155804,35.7556971,1
118.9996978,35.80907805,1
