JGDJ,percent
一级,0.8974661429308077
二级,0.916691337628392
三级,0.6584043807477664
