JD,WD,value
118.9893251,35.40548657,2
105.9712604,35.34351848,4
119.4586262,35.43829808,1
119.2738349,35.51464975,2
106.9507598,27.70800021,2
106.3741305,31.87138456,1
118.8011232,35.52220152,1
118.9067767,35.58440415,1
118.931584,35.46998243,1
118.7692124,35.77904003,1
119.2155804,35.7556971,3
