JD,WD,value
118.6240406,33.84566739,1
106.9507598,27.70800021,1
117.1689372,28.2246819,1
119.2749927,35.61298018,4
