JGDJ,percent
一级,0.8604748215811844
二级,0.3309677419354839
三级,0.0
