JGDJ,percent
一级,0.8718520123022474
二级,0.6752456494971257
三级,0.0
