JD,WD,value
116.7670156,30.60366922,1
119.268782,35.29195705,2
118.9893251,35.40548657,1
105.9712604,35.34351848,1
119.4586262,35.43829808,2
119.3012309,35.39150145,1
119.5170405,35.53091754,1
118.6240406,33.84566739,2
120.3880917,36.30814232,1
112.9563338,34.92070114,1
118.8435382,35.58587212,2
117.1689372,28.2246819,1
118.9460049,35.65733871,2
119.2155804,35.7556971,3
119.2163458,35.74590734,3
119.1056767,35.91554883,1
111.9018348,22.4752086,2
