JD,WD,value
119.5540672,35.3961023,1
116.2005516,37.43284291,1
106.3741305,31.87138456,1
108.4963313,30.77400589,1
118.8435382,35.58587212,1
113.8643611,36.13099864,9
119.2155804,35.7556971,1
119.2163458,35.74590734,1
