JGDJ,percent
一级,0.0
二级,0.14814814814814814
三级,0.11363636363636363
