JGDJ,percent
一级,0.0
二级,0.7338038422316279
三级,0.3743486379380579
