JGDJ,percent
一级,0.021739130434782608
二级,0.01639344262295082
三级,0.0
