JGDJ,percent
一级,0.8686842186428138
二级,0.7883684256207204
三级,0.7527494331210612
