JD,WD,value
119.1934703,35.17300822,1
119.3599022,35.10417597,1
119.4586262,35.43829808,2
119.3866344,35.28446157,1
117.2007828,34.24453607,1
106.9507598,27.70800021,1
115.6115866,38.62736949,1
116.2005516,37.43284291,2
118.895378,35.87753653,1
118.8011232,35.52220152,1
118.9067767,35.58440415,1
118.931584,35.46998243,2
118.9996978,35.80907805,1
