JGDJ,percent
一级,0.0
二级,0.5935448654415486
三级,0.515411339344677
