JGDJ,percent
一级,0.8733290777480963
二级,0.8224183054038846
三级,0.711038926851536
