JGDJ,percent
一级,0.89667190866523
二级,0.5713642361083678
三级,0.0
