JGDJ,percent
一级,0.8357835167827002
二级,0.5571015573318129
三级,0.41829859709843564
