JGDJ,percent
一级,0.8334109148155326
二级,0.6758839178666326
三级,0.5016568173333547
