JD,WD,value
116.2979565,35.41008808,1
