JGDJ,percent
一级,0.682784833508922
二级,0.3840782122905028
三级,0.0
