JD,WD,value
115.6151801,38.90127817,1
112.9563338,34.92070114,1
118.931584,35.46998243,1
