JGDJ,percent
一级,0.1
二级,0.0392156862745098
三级,0.0718954248366013
