JD,WD,value
116.7670156,30.60366922,1
119.268782,35.29195705,3
119.5301142,35.46771125,1
119.5170405,35.53091754,1
106.9507598,27.70800021,1
118.8435382,35.58587212,1
119.2155804,35.7556971,4
111.9018348,22.4752086,2
