JGDJ,percent
一级,0.0
二级,0.8101913847971451
三级,0.7226076910220567
