JGDJ,percent
一级,0.0
二级,0.7299832148766038
三级,0.5768430967275291
