JD,WD,value
116.2979565,35.41008808,1
118.9893251,35.40548657,3
119.1934703,35.17300822,2
119.4586262,35.43829808,1
119.5170405,35.53091754,1
118.895378,35.87753653,1
118.8435382,35.58587212,1
118.9996978,35.80907805,1
119.1056767,35.91554883,1
