JD,WD,value
106.7371863,30.28648256,1
116.2005516,37.43284291,1
106.3741305,31.87138456,1
118.8435382,35.58587212,3
113.8643611,36.13099864,1
118.931584,35.46998243,3
115.4590891,38.53731644,1
118.9799089,35.92304007,13
119.2155804,35.7556971,1
119.2749927,35.61298018,1
