JD,WD,value
119.5734467,35.57720323,1
119.5301142,35.46771125,1
119.4610803,35.68345171,1
119.1056767,35.91554883,1
