JD,WD,value
116.2005516,37.43284291,1
118.895378,35.87753653,1
115.6151801,38.90127817,10
108.4963313,30.77400589,1
112.9563338,34.92070114,3
118.8435382,35.58587212,5
113.8643611,36.13099864,5
118.931584,35.46998243,9
115.4590891,38.53731644,7
119.2163458,35.74590734,5
118.9996978,35.80907805,1
119.4246591,35.73670114,2
