JD,WD,value
115.4590891,38.53731644,1
118.9721459,35.9918261,1
