JD,WD,value
105.9712604,35.34351848,1
119.2163458,35.74590734,1
