JGDJ,percent
一级,0.8856002551245427
二级,0.7609817787174987
三级,0.6408035737234149
