JD,WD,value
118.9893251,35.40548657,1
119.5301142,35.46771125,1
116.2005516,37.43284291,1
118.8011232,35.52220152,1
113.8643611,36.13099864,1
119.2163458,35.74590734,1
