JD,WD,value
118.8435382,35.58587212,1
113.8643611,36.13099864,3
118.931584,35.46998243,2
119.2163458,35.74590734,5
119.2749927,35.61298018,3
119.3319313,35.86638699,4
