JGDJ,percent
一级,0.0
二级,0.8662903768881317
三级,0.6728734076048616
