JD,WD,value
118.9893251,35.40548657,1
119.3866344,35.28446157,1
106.9507598,27.70800021,1
111.9018348,22.4752086,1
