JD,WD,value
106.7371863,30.28648256,1
119.339158,35.17647178,1
119.3599022,35.10417597,1
105.9712604,35.34351848,1
119.5540672,35.3961023,1
119.3866344,35.28446157,1
118.6240406,33.84566739,1
118.7800798,35.59681379,1
118.8011232,35.52220152,1
118.7692124,35.77904003,1
