JGDJ,percent
一级,0.6675396933098114
二级,0.769927212068462
三级,0.7842741233632335
