JGDJ,percent
一级,0.0
二级,0.7077932865820105
三级,0.5736803839710528
