JGDJ,percent
一级,0.12121212121212122
二级,0.05555555555555555
三级,0.18421052631578946
