JD,WD,value
119.5540672,35.3961023,1
118.8435382,35.58587212,4
113.8643611,36.13099864,8
