JD,WD,value
118.9893251,35.40548657,1
105.9712604,35.34351848,1
119.3866344,35.28446157,2
119.5170405,35.53091754,1
119.2738349,35.51464975,1
118.8435382,35.58587212,2
118.8011232,35.52220152,1
119.4610803,35.68345171,2
119.1056767,35.91554883,1
