JGDJ,percent
一级,0.5933868627817118
二级,0.6791308460083354
三级,0.47895051350684187
