JGDJ,percent
一级,0.0
二级,0.6149004329491777
三级,0.4855496443505948
