JD,WD,value
119.268782,35.29195705,1
119.2860155,35.13672208,1
112.1380499,29.10446695,1
119.2749927,35.61298018,1
119.3319313,35.86638699,2
