JGDJ,percent
一级,0.8935950050427385
二级,0.7337973560130489
三级,0.6374673018276125
