JGDJ,percent
一级,0.6933406127014916
二级,0.9252036129741499
三级,0.48274822372645726
