JGDJ,percent
一级,0.8914211366417302
二级,0.7551895510451427
三级,0.6191333435325186
