JGDJ,percent
一级,0.7993183277500191
二级,0.0
三级,0.7999635247271955
