JGDJ,percent
一级,0.0
二级,0.5956011637020979
三级,0.7702986540853004
