JGDJ,percent
一级,0.6963235549164847
二级,0.6498367744401867
三级,0.49539642187093524
