JGDJ,percent
一级,0.47731397459165154
二级,0.56849386806169
三级,0.47088362960538893
