JD,WD,value
116.2005516,37.43284291,3
118.895378,35.87753653,3
118.8435382,35.58587212,7
