JD,WD,value
115.6151801,38.90127817,1
113.8643611,36.13099864,2
119.2155804,35.7556971,2
119.2749927,35.61298018,2
119.3319313,35.86638699,3
