JD,WD,value
118.7800798,35.59681379,1
120.3880917,36.30814232,1
118.895378,35.87753653,3
118.8435382,35.58587212,18
118.8011232,35.52220152,5
118.9460049,35.65733871,2
119.2155804,35.7556971,1
119.2163458,35.74590734,2
118.9996978,35.80907805,1
