JD,WD,value
106.7371863,30.28648256,1
119.5540672,35.3961023,2
115.6115866,38.62736949,1
