JGDJ,percent
一级,0.8037125569168142
二级,0.60009627189935
三级,0.543939854774212
