JD,WD,value
116.7670156,30.60366922,2
105.9712604,35.34351848,1
119.4586262,35.43829808,1
