JGDJ,percent
一级,0.0
二级,0.7358031045544576
三级,0.6184793058610472
