JD,WD,value
120.3880917,36.30814232,1
118.8011232,35.52220152,1
119.2155804,35.7556971,1
