JGDJ,percent
一级,0.4293838202525378
二级,0.5769564410532175
三级,0.4796741068587398
