JD,WD,value
119.5170405,35.53091754,1
115.6151801,38.90127817,1
108.4963313,30.77400589,1
118.8435382,35.58587212,9
118.8011232,35.52220152,1
118.931584,35.46998243,4
118.9721459,35.9918261,1
118.9799089,35.92304007,83
119.2163458,35.74590734,1
119.1056767,35.91554883,1
