JD,WD,value
119.4586262,35.43829808,1
117.2007828,34.24453607,1
115.6115866,38.62736949,1
112.9563338,34.92070114,2
113.8643611,36.13099864,1
117.1689372,28.2246819,1
