JD,WD,value
106.7371863,30.28648256,1
106.9507598,27.70800021,1
