JD,WD,value
116.7670156,30.60366922,1
119.5540672,35.3961023,1
115.6151801,38.90127817,2
106.3741305,31.87138456,1
108.4963313,30.77400589,1
118.8435382,35.58587212,1
118.8011232,35.52220152,22
113.8643611,36.13099864,9
119.2155804,35.7556971,1
119.2749927,35.61298018,3
