JD,WD,value
118.9893251,35.40548657,2
106.7371863,30.28648256,3
119.339158,35.17647178,1
119.4686243,35.431049,1
119.5301142,35.46771125,1
119.3012309,35.39150145,2
106.9507598,27.70800021,2
108.4963313,30.77400589,1
117.1689372,28.2246819,1
119.1461076,35.65612567,1
