JD,WD,value
116.7670156,30.60366922,1
118.9893251,35.40548657,1
