JD,WD,value
119.5734467,35.57720323,1
116.7670156,30.60366922,3
119.268782,35.29195705,1
118.9893251,35.40548657,1
119.339158,35.17647178,1
119.4586262,35.43829808,1
119.5170405,35.53091754,1
119.2738349,35.51464975,2
106.9507598,27.70800021,1
120.3880917,36.30814232,2
115.6151801,38.90127817,1
118.8150764,35.8120243,1
108.4963313,30.77400589,1
112.9563338,34.92070114,1
118.8435382,35.58587212,5
118.931584,35.46998243,1
119.2155804,35.7556971,2
