JGDJ,percent
一级,0.0
二级,0.5716940177701844
三级,0.4555341459584184
