JD,WD,value
118.9893251,35.40548657,3
116.2005516,37.43284291,1
115.6151801,38.90127817,1
