JGDJ,percent
一级,0.8701031487379637
二级,0.7594409814391043
三级,0.5872978550071156
