JD,WD,value
119.5540672,35.3961023,1
119.3866344,35.28446157,1
116.2005516,37.43284291,1
112.9563338,34.92070114,1
118.9460049,35.65733871,1
119.2163458,35.74590734,4
119.2749927,35.61298018,2
