JD,WD,value
119.2860155,35.13672208,1
119.1934703,35.17300822,1
119.4586262,35.43829808,2
119.5301142,35.46771125,1
119.3012309,35.39150145,1
116.2005516,37.43284291,1
115.6151801,38.90127817,1
