JD,WD,value
119.1934703,35.17300822,1
119.5170405,35.53091754,1
118.9996978,35.80907805,1
