JD,WD,value
119.3599022,35.10417597,1
115.6115866,38.62736949,1
