JGDJ,percent
一级,0.7295641454749998
二级,0.0
三级,0.5655718779807163
