JD,WD,value
119.3599022,35.10417597,1
106.9507598,27.70800021,1
118.9996978,35.80907805,1
