JD,WD,value
119.5734467,35.57720323,1
119.4686243,35.431049,1
112.1380499,29.10446695,1
119.2749927,35.61298018,1
