JGDJ,percent
一级,0.0
二级,0.6045431428400154
三级,0.44705850621346377
