JD,WD,value
119.4586262,35.43829808,1
119.5301142,35.46771125,1
106.9507598,27.70800021,1
