JD,WD,value
108.4963313,30.77400589,1
118.8011232,35.52220152,1
