JD,WD,value
120.3880917,36.30814232,1
118.895378,35.87753653,1
115.6151801,38.90127817,1
108.4963313,30.77400589,1
113.8643611,36.13099864,4
117.1689372,28.2246819,2
118.9996978,35.80907805,1
