JGDJ,percent
一级,0.6997867744825909
二级,0.5484672846351822
三级,0.4873777253520307
