JD,WD,value
119.2860155,35.13672208,1
119.3866344,35.28446157,1
113.8643611,36.13099864,1
