JGDJ,percent
一级,0.4446267432321575
二级,0.6322266831377392
三级,0.0
