JD,WD,value
116.2005516,37.43284291,1
108.4963313,30.77400589,1
