JGDJ,percent
一级,0.7974647647298474
二级,0.5259841799263061
三级,0.37913865540642766
