JGDJ,percent
一级,0.0
二级,0.8612706308913836
三级,0.7207350125537042
