JD,WD,value
118.895378,35.87753653,2
118.8435382,35.58587212,1
