JD,WD,value
116.7670156,30.60366922,1
105.9712604,35.34351848,1
