JGDJ,percent
一级,0.7616029348075306
二级,0.0
三级,0.46646284118292125
