JGDJ,percent
一级,0.0
二级,0.5142281953651742
三级,0.3682896883918965
