JD,WD,value
118.9893251,35.40548657,1
105.9712604,35.34351848,1
113.8643611,36.13099864,1
