JD,WD,value
118.7692124,35.77904003,1
