JGDJ,percent
一级,0.8981466777242543
二级,0.7685785952064305
三级,0.6886336095483601
