JD,WD,value
116.2979565,35.41008808,1
116.7670156,30.60366922,1
118.9893251,35.40548657,1
106.7371863,30.28648256,1
119.3599022,35.10417597,1
119.3866344,35.28446157,1
119.5170405,35.53091754,1
118.6240406,33.84566739,1
119.2738349,35.51464975,1
117.2007828,34.24453607,1
115.6115866,38.62736949,2
118.7800798,35.59681379,1
120.3880917,36.30814232,1
118.8435382,35.58587212,8
113.8643611,36.13099864,1
119.2155804,35.7556971,2
118.9996978,35.80907805,1
119.3319313,35.86638699,2
