JD,WD,value
119.3599022,35.10417597,1
112.9563338,34.92070114,3
118.8435382,35.58587212,2
118.931584,35.46998243,3
