JGDJ,percent
一级,0.0
二级,0.5210485336101739
三级,0.550291807624587
