JGDJ,percent
一级,0.0
二级,0.13725490196078433
三级,0.07692307692307693
