JGDJ,percent
一级,0.0
二级,0.7227793639877087
三级,0.3472828699421148
