JD,WD,value
105.9712604,35.34351848,2
119.5170405,35.53091754,2
118.6240406,33.84566739,1
115.6115866,38.62736949,1
119.2163458,35.74590734,1
119.3319313,35.86638699,1
