JGDJ,percent
一级,0.0
二级,0.6687131793995742
三级,0.5879495484250034
