JD,WD,value
119.5540672,35.3961023,1
118.9460049,35.65733871,1
119.2155804,35.7556971,1
