JD,WD,value
119.3012309,35.39150145,1
