JD,WD,value
106.9507598,27.70800021,1
