JGDJ,percent
一级,0.6619080021774633
二级,0.0
三级,0.2683853924149269
