JD,WD,value
116.5273454,30.66495721,1
119.5301142,35.46771125,2
120.3880917,36.30814232,2
118.8011232,35.52220152,1
