JGDJ,percent
一级,0.5600202799971874
二级,0.3882675344694699
三级,0.4514020737867721
