JD,WD,value
119.2860155,35.13672208,1
105.9712604,35.34351848,1
119.3012309,35.39150145,1
118.7800798,35.59681379,1
116.2005516,37.43284291,2
120.3880917,36.30814232,2
108.4963313,30.77400589,1
113.8643611,36.13099864,1
115.4590891,38.53731644,1
