JGDJ,percent
一级,0.9037435403556333
二级,0.645824492937787
三级,0.4925707229990834
