JGDJ,percent
一级,0.8887471272137354
二级,0.7271092950292847
三级,0.5260939829591879
