JGDJ,percent
一级,0.8335863030349194
二级,0.6860408358315162
三级,0.671242649478829
