JGDJ,percent
一级,0.9330306563110623
二级,0.869853797689915
三级,0.0
