JD,WD,value
119.3599022,35.10417597,1
119.4586262,35.43829808,1
112.1380499,29.10446695,1
118.9460049,35.65733871,1
119.2163458,35.74590734,1
