JD,WD,value
116.2979565,35.41008808,1
119.5734467,35.57720323,1
119.268782,35.29195705,2
105.9712604,35.34351848,1
119.4686243,35.431049,1
119.4586262,35.43829808,2
119.3012309,35.39150145,1
118.6240406,33.84566739,1
119.2738349,35.51464975,1
117.2007828,34.24453607,1
116.2005516,37.43284291,1
115.6151801,38.90127817,1
106.3741305,31.87138456,1
118.8435382,35.58587212,1
119.2155804,35.7556971,2
119.2163458,35.74590734,1
119.1056767,35.91554883,1
