JGDJ,percent
一级,0.864924331728319
二级,0.713508296004698
三级,0.592043482874083
