JD,WD,value
119.268782,35.29195705,1
118.7692124,35.77904003,1
