JGDJ,percent
一级,0.08333333333333333
二级,0.041666666666666664
三级,0.09433962264150944
