JD,WD,value
116.7670156,30.60366922,1
120.3880917,36.30814232,1
115.6151801,38.90127817,1
118.8435382,35.58587212,3
118.9067767,35.58440415,8
118.9799089,35.92304007,13
