JD,WD,value
119.268782,35.29195705,1
105.9712604,35.34351848,1
119.4586262,35.43829808,1
119.3866344,35.28446157,2
117.2007828,34.24453607,3
106.9507598,27.70800021,1
118.895378,35.87753653,2
118.8435382,35.58587212,1
119.2155804,35.7556971,1
