JGDJ,percent
一级,0.8764326626172858
二级,0.6349104682241826
三级,0.6583791837845373
