JD,WD,value
119.339158,35.17647178,2
119.4686243,35.431049,1
119.5301142,35.46771125,1
117.2007828,34.24453607,1
118.8435382,35.58587212,1
118.7692124,35.77904003,1
