JGDJ,percent
一级,0.0
二级,0.7423203240235736
三级,0.6766206903877761
