JGDJ,percent
一级,0.8797499397470647
二级,0.7546517931859125
三级,0.6360052952398829
