JGDJ,percent
一级,0.7616762221011578
二级,0.562393237540193
三级,0.4746694815215175
