JGDJ,percent
一级,0.7948493790714178
二级,0.5073263582293454
三级,0.0
