JGDJ,percent
一级,0.8292170553382696
二级,0.5676572127197709
三级,0.43940712852194946
