JD,WD,value
119.4686243,35.431049,1
115.6151801,38.90127817,1
106.3741305,31.87138456,1
