JD,WD,value
118.9893251,35.40548657,1
115.6151801,38.90127817,1
118.8435382,35.58587212,1
