JGDJ,percent
一级,0.0
二级,0.5276564933452814
三级,0.3351582587108786
