JD,WD,value
119.268782,35.29195705,1
117.2007828,34.24453607,1
118.895378,35.87753653,1
119.2163458,35.74590734,1
119.2749927,35.61298018,1
