JGDJ,percent
一级,0.0
二级,0.686806392664134
三级,0.5281451446901726
