JD,WD,value
105.9712604,35.34351848,1
119.5170405,35.53091754,1
