JD,WD,value
116.2979565,35.41008808,1
119.2860155,35.13672208,1
119.4586262,35.43829808,8
119.5540672,35.3961023,2
119.5301142,35.46771125,3
118.6240406,33.84566739,2
117.2007828,34.24453607,2
106.9507598,27.70800021,6
106.3741305,31.87138456,1
118.8435382,35.58587212,1
119.2163458,35.74590734,3
119.2749927,35.61298018,1
