JGDJ,percent
一级,0.0
二级,0.48528682878654666
三级,0.39114638686333175
