JD,WD,value
119.4586262,35.43829808,1
112.9563338,34.92070114,2
118.8435382,35.58587212,1
117.1689372,28.2246819,1
119.2163458,35.74590734,1
119.4246591,35.73670114,1
111.9018348,22.4752086,1
