JD,WD,value
119.1934703,35.17300822,1
117.2007828,34.24453607,1
