JGDJ,percent
一级,0.7192422727526293
二级,0.5438810286830319
三级,0.4417399709071707
