JGDJ,percent
一级,0.0
二级,0.625723939590618
三级,0.45260729059613963
