JGDJ,percent
一级,0.0
二级,0.6098202410633357
三级,0.5111561684528786
