JD,WD,value
118.9893251,35.40548657,2
120.3880917,36.30814232,1
106.3741305,31.87138456,1
108.4963313,30.77400589,1
118.8011232,35.52220152,2
118.9067767,35.58440415,2
