JD,WD,value
118.9893251,35.40548657,1
119.3599022,35.10417597,1
105.9712604,35.34351848,1
119.4586262,35.43829808,1
118.7800798,35.59681379,1
118.8011232,35.52220152,1
118.9067767,35.58440415,1
