JD,WD,value
119.2860155,35.13672208,1
119.4586262,35.43829808,3
119.5540672,35.3961023,1
119.3866344,35.28446157,1
119.5301142,35.46771125,5
119.3012309,35.39150145,1
119.2738349,35.51464975,1
118.7800798,35.59681379,3
116.2005516,37.43284291,1
115.6151801,38.90127817,2
118.8435382,35.58587212,3
118.8011232,35.52220152,1
113.8643611,36.13099864,1
118.9067767,35.58440415,1
118.931584,35.46998243,3
115.4590891,38.53731644,1
118.9996978,35.80907805,1
