JD,WD,value
119.5301142,35.46771125,1
