JGDJ,percent
一级,0.0
二级,0.6667405318847776
三级,0.4725542164816081
