JD,WD,value
116.2979565,35.41008808,2
119.4586262,35.43829808,1
119.3866344,35.28446157,3
119.5301142,35.46771125,2
119.3012309,35.39150145,1
119.2738349,35.51464975,2
106.9507598,27.70800021,2
118.8435382,35.58587212,2
119.4610803,35.68345171,1
