JD,WD,value
119.2860155,35.13672208,1
106.7371863,30.28648256,1
118.6240406,33.84566739,1
116.2005516,37.43284291,1
112.9563338,34.92070114,1
118.8435382,35.58587212,1
