JGDJ,percent
一级,0.0
二级,0.5415229888848142
三级,0.7204270538130756
