JD,WD,value
119.268782,35.29195705,2
119.3599022,35.10417597,1
119.4686243,35.431049,1
119.5301142,35.46771125,1
119.3012309,35.39150145,1
118.6240406,33.84566739,1
115.6115866,38.62736949,1
116.2005516,37.43284291,1
106.3741305,31.87138456,1
118.8150764,35.8120243,1
112.9563338,34.92070114,1
118.8435382,35.58587212,1
118.9067767,35.58440415,1
118.7692124,35.77904003,1
118.9996978,35.80907805,1
119.2749927,35.61298018,1
119.1056767,35.91554883,1
