JGDJ,percent
一级,0.7926645582724444
二级,0.6004827824400624
三级,0.541017189367494
