JD,WD,value
118.8150764,35.8120243,1
119.2163458,35.74590734,1
