JD,WD,value
119.268782,35.29195705,2
119.2860155,35.13672208,1
119.339158,35.17647178,1
119.1934703,35.17300822,1
119.3012309,35.39150145,1
