JD,WD,value
115.6115866,38.62736949,1
106.3741305,31.87138456,1
118.9067767,35.58440415,1
117.1689372,28.2246819,1
