JD,WD,value
119.2155804,35.7556971,2
119.2163458,35.74590734,3
