JGDJ,percent
一级,0.0
二级,0.7052625123609632
三级,0.898974965560767
