JD,WD,value
106.7371863,30.28648256,1
119.3012309,35.39150145,1
