JGDJ,percent
一级,0.0
二级,0.6873865368326514
三级,0.313675457692445
