JD,WD,value
112.1380499,29.10446695,1
118.8011232,35.52220152,1
