JGDJ,percent
一级,0.0
二级,0.5772066973922175
三级,0.48409822741072017
