JGDJ,percent
一级,0.03148015381607248
二级,0.1883186600815976
三级,0.05434000287894055
