JGDJ,percent
一级,0.63745315087134
二级,0.6493115982836752
三级,0.640028526117545
