JGDJ,percent
一级,0.7642490702356239
二级,0.653641330354548
三级,0.35886614742584544
