JD,WD,value
119.5734467,35.57720323,1
116.7670156,30.60366922,1
118.9893251,35.40548657,1
119.1934703,35.17300822,1
118.6240406,33.84566739,1
118.7800798,35.59681379,2
115.6151801,38.90127817,1
106.3741305,31.87138456,1
113.8643611,36.13099864,1
118.7692124,35.77904003,1
119.3319313,35.86638699,1
