JGDJ,percent
一级,0.0
二级,0.8331088135082825
三级,0.5079746450789907
