JD,WD,value
119.5540672,35.3961023,2
118.895378,35.87753653,1
118.8011232,35.52220152,1
119.2155804,35.7556971,1
119.2163458,35.74590734,2
119.3319313,35.86638699,1
