JGDJ,percent
一级,0.7006235986820721
二级,0.842830779011688
三级,0.0
