JD,WD,value
119.268782,35.29195705,2
105.9712604,35.34351848,1
118.6240406,33.84566739,2
106.9507598,27.70800021,13
115.6115866,38.62736949,1
115.6151801,38.90127817,4
118.8011232,35.52220152,1
113.8643611,36.13099864,1
119.2749927,35.61298018,1
