JGDJ,percent
一级,0.8333709015116829
二级,0.0
三级,0.7305571408319126
