JD,WD,value
119.4686243,35.431049,1
116.2005516,37.43284291,1
106.3741305,31.87138456,1
