JD,WD,value
115.6115866,38.62736949,1
118.8435382,35.58587212,1
119.2163458,35.74590734,1
