JGDJ,percent
一级,0.8000689848424092
二级,0.6747273516480459
三级,0.5017275110105202
