JD,WD,value
115.6115866,38.62736949,3
116.2005516,37.43284291,3
120.3880917,36.30814232,4
118.8435382,35.58587212,13
118.9067767,35.58440415,1
118.931584,35.46998243,1
115.4590891,38.53731644,4
118.9721459,35.9918261,8
118.9799089,35.92304007,1
119.2155804,35.7556971,3
119.2749927,35.61298018,2
