JD,WD,value
119.5540672,35.3961023,1
106.3741305,31.87138456,1
