JD,WD,value
105.9712604,35.34351848,2
119.4686243,35.431049,1
119.4586262,35.43829808,1
119.3012309,35.39150145,1
118.6240406,33.84566739,1
112.9563338,34.92070114,1
118.8011232,35.52220152,1
119.1056767,35.91554883,1
