JGDJ,percent
一级,0.7474040346307727
二级,0.5350849928705321
三级,0.572099618432542
