JGDJ,percent
一级,0.0
二级,0.762982663025418
三级,0.5601146076155146
