JD,WD,value
116.2005516,37.43284291,1
113.8643611,36.13099864,1
