JD,WD,value
119.5734467,35.57720323,1
119.5170405,35.53091754,1
118.9799089,35.92304007,1
119.2155804,35.7556971,7
118.9996978,35.80907805,1
119.4610803,35.68345171,3
119.3319313,35.86638699,1
119.4246591,35.73670114,1
119.3964308,35.50585644,1
