JD,WD,value
119.5734467,35.57720323,1
119.4686243,35.431049,1
106.9507598,27.70800021,1
