JGDJ,percent
一级,0.0
二级,0.21544366098609405
三级,0.15588439859520242
