JD,WD,value
105.9712604,35.34351848,1
119.3012309,35.39150145,1
118.8011232,35.52220152,1
118.9460049,35.65733871,1
119.2163458,35.74590734,2
118.9996978,35.80907805,1
119.2749927,35.61298018,1
119.4610803,35.68345171,1
119.1461076,35.65612567,1
