JD,WD,value
119.2860155,35.13672208,2
119.1934703,35.17300822,6
119.5170405,35.53091754,2
