JD,WD,value
116.5273454,30.66495721,1
119.268782,35.29195705,2
119.339158,35.17647178,1
119.3599022,35.10417597,3
119.4686243,35.431049,1
119.2155804,35.7556971,1
119.2163458,35.74590734,14
119.2749927,35.61298018,1
