JGDJ,percent
一级,0.7921276025917922
二级,0.7327730564359203
三级,0.7209735991521666
