JGDJ,percent
一级,0.0
二级,0.6577991291660918
三级,0.6626644581164222
