JGDJ,percent
一级,0.0
二级,0.8275412849132393
三级,0.7962293106436176
