JGDJ,percent
一级,0.8571467899428019
二级,0.0
三级,0.9257402150010554
