JGDJ,percent
一级,0.9495798610870184
二级,0.0
三级,0.4216440289626388
