JD,WD,value
116.2005516,37.43284291,3
119.2155804,35.7556971,1
