JGDJ,percent
一级,0.0
二级,0.8968971295084573
三级,0.8045278400978992
