JD,WD,value
116.7670156,30.60366922,1
119.4586262,35.43829808,1
