JGDJ,percent
一级,0.8570920866629359
二级,0.557229737306515
三级,0.6829024473348522
