JD,WD,value
119.268782,35.29195705,1
119.1934703,35.17300822,1
119.4586262,35.43829808,2
118.6240406,33.84566739,1
115.6115866,38.62736949,3
116.2005516,37.43284291,1
118.8435382,35.58587212,3
113.8643611,36.13099864,1
118.9067767,35.58440415,1
115.4590891,38.53731644,1
119.2155804,35.7556971,2
118.9996978,35.80907805,2
119.3319313,35.86638699,2
119.3964308,35.50585644,1
