JGDJ,percent
一级,0.7542677828909482
二级,0.6775584639604301
三级,0.6392323119327117
