JD,WD,value
106.7371863,30.28648256,1
117.2007828,34.24453607,1
106.9507598,27.70800021,1
118.7800798,35.59681379,1
120.3880917,36.30814232,2
118.895378,35.87753653,1
115.6151801,38.90127817,1
106.3741305,31.87138456,1
118.8150764,35.8120243,1
118.8435382,35.58587212,4
113.8643611,36.13099864,1
118.9067767,35.58440415,1
118.931584,35.46998243,1
119.2155804,35.7556971,1
119.3319313,35.86638699,1
