JD,WD,value
119.268782,35.29195705,1
119.5540672,35.3961023,1
