JGDJ,percent
一级,0.840008979025442
二级,0.7824191515612914
三级,0.5395429744967899
