JGDJ,percent
一级,0.8488397272510648
二级,0.749123140836969
三级,0.5833729850121931
