JGDJ,percent
一级,0.7532915598115139
二级,0.6524732013465584
三级,0.5044322061821328
