JD,WD,value
116.7670156,30.60366922,1
105.9712604,35.34351848,5
119.4686243,35.431049,1
115.6115866,38.62736949,1
118.7800798,35.59681379,1
120.3880917,36.30814232,1
118.895378,35.87753653,1
112.9563338,34.92070114,1
118.8435382,35.58587212,1
118.9067767,35.58440415,1
115.4590891,38.53731644,1
119.2155804,35.7556971,7
119.2163458,35.74590734,3
119.2749927,35.61298018,4
119.3319313,35.86638699,5
119.1461076,35.65612567,3
119.1056767,35.91554883,3
111.9018348,22.4752086,1
