JD,WD,value
119.268782,35.29195705,1
105.9712604,35.34351848,1
118.6240406,33.84566739,1
119.2738349,35.51464975,1
116.2005516,37.43284291,4
112.9563338,34.92070114,3
113.8643611,36.13099864,1
118.9460049,35.65733871,1
118.9721459,35.9918261,1
119.2163458,35.74590734,2
