JGDJ,percent
一级,0.4725274725274725
二级,0.584396035585022
三级,0.35985336495073783
