JD,WD,value
118.7800798,35.59681379,2
120.3880917,36.30814232,1
106.3741305,31.87138456,1
118.9799089,35.92304007,1
118.9996978,35.80907805,2
119.3319313,35.86638699,1
