JD,WD,value
115.4590891,38.53731644,1
