JD,WD,value
119.5734467,35.57720323,2
116.7670156,30.60366922,1
119.268782,35.29195705,1
119.4586262,35.43829808,1
119.5540672,35.3961023,1
119.3866344,35.28446157,2
118.6240406,33.84566739,1
106.9507598,27.70800021,11
116.2005516,37.43284291,1
118.895378,35.87753653,1
106.3741305,31.87138456,2
118.931584,35.46998243,1
