JGDJ,percent
一级,0.8246424095220363
二级,0.6470835129203726
三级,0.5772799681263933
