JGDJ,percent
一级,0.0
二级,0.49523676197809113
三级,0.7177395714152677
