JGDJ,percent
一级,0.8895425312205211
二级,0.5944386815420116
三级,0.46756119028446225
