JD,WD,value
119.3599022,35.10417597,1
120.3880917,36.30814232,2
106.3741305,31.87138456,1
108.4963313,30.77400589,3
118.8435382,35.58587212,8
117.1689372,28.2246819,1
118.9721459,35.9918261,2
118.9799089,35.92304007,1
119.2155804,35.7556971,4
