JD,WD,value
118.9893251,35.40548657,1
119.1934703,35.17300822,1
116.2005516,37.43284291,1
120.3880917,36.30814232,3
115.6151801,38.90127817,1
108.4963313,30.77400589,1
118.8435382,35.58587212,5
118.8011232,35.52220152,3
118.931584,35.46998243,1
115.4590891,38.53731644,1
