JD,WD,value
116.7670156,30.60366922,1
119.3964308,35.50585644,1
