JD,WD,value
106.7371863,30.28648256,1
119.339158,35.17647178,1
106.3741305,31.87138456,1
118.8435382,35.58587212,1
118.9067767,35.58440415,1
117.1689372,28.2246819,1
