JGDJ,percent
一级,0.7428915425054361
二级,0.0
三级,0.521072181041871
