JGDJ,percent
一级,0.0
二级,0.6636110074792588
三级,0.7227855501975583
