JD,WD,value
119.2860155,35.13672208,1
106.7371863,30.28648256,1
118.6240406,33.84566739,1
106.3741305,31.87138456,2
118.8011232,35.52220152,1
113.8643611,36.13099864,1
119.2749927,35.61298018,1
