JD,WD,value
116.2979565,35.41008808,1
119.2860155,35.13672208,1
