JD,WD,value
112.1380499,29.10446695,2
115.6115866,38.62736949,1
118.8435382,35.58587212,1
