JGDJ,percent
一级,0.0
二级,0.5217609244325626
三级,0.7600311931753997
