JGDJ,percent
一级,0.0
二级,0.8698917137476458
三级,0.5009548285770378
