JD,WD,value
119.3012309,35.39150145,1
119.1461076,35.65612567,1
