JGDJ,percent
一级,0.7055877701634159
二级,0.7735994556588796
三级,0.5313441884459466
