JGDJ,percent
一级,0.0
二级,0.43849917800416827
三级,0.41078163890278346
