JD,WD,value
105.9712604,35.34351848,1
119.4586262,35.43829808,1
119.5301142,35.46771125,2
119.3012309,35.39150145,1
115.6151801,38.90127817,1
113.8643611,36.13099864,1
118.9460049,35.65733871,1
