JD,WD,value
106.3741305,31.87138456,1
115.4590891,38.53731644,1
