JGDJ,percent
一级,0.7480294816303802
二级,0.6300894674716422
三级,0.4908991122538047
