JGDJ,percent
一级,0.8337938166637586
二级,0.6422006793153106
三级,0.5747016267493147
