JGDJ,percent
一级,0.7550703338056788
二级,0.0
三级,0.5583666266426391
