JD,WD,value
119.4586262,35.43829808,1
119.2155804,35.7556971,1
119.2163458,35.74590734,4
118.9996978,35.80907805,1
119.2749927,35.61298018,1
