JD,WD,value
119.1934703,35.17300822,1
112.1380499,29.10446695,1
118.7800798,35.59681379,2
106.3741305,31.87138456,1
118.8011232,35.52220152,1
119.2155804,35.7556971,1
119.2163458,35.74590734,1
118.9996978,35.80907805,1
