JGDJ,percent
一级,0.5068855421686747
二级,0.49815273092767026
三级,0.4143128105604209
