JGDJ,percent
一级,0.8693449415220014
二级,0.0
三级,0.4827638082369385
