JD,WD,value
106.9507598,27.70800021,1
120.3880917,36.30814232,1
108.4963313,30.77400589,1
118.8435382,35.58587212,1
