JD,WD,value
119.1934703,35.17300822,1
118.7800798,35.59681379,1
120.3880917,36.30814232,1
