JD,WD,value
116.2979565,35.41008808,1
119.2860155,35.13672208,3
119.5540672,35.3961023,1
118.9799089,35.92304007,1
119.2155804,35.7556971,1
119.2163458,35.74590734,1
119.2749927,35.61298018,1
