JGDJ,percent
一级,0.7994208600111283
二级,0.6647404558955933
三级,0.46133183337514866
