JD,WD,value
119.339158,35.17647178,1
113.8643611,36.13099864,1
