JGDJ,percent
一级,0.0
二级,0.7073095069558621
三级,0.4818839085726911
