JGDJ,percent
一级,0.9049850119904076
二级,0.7423247243083146
三级,0.5827541204979001
