JGDJ,percent
一级,0.0
二级,0.7700028657400774
三级,0.2501237602635667
