JGDJ,percent
一级,0.0
二级,0.6347415216462953
三级,0.5314600074311921
