JD,WD,value
106.9507598,27.70800021,1
115.4590891,38.53731644,1
