JGDJ,percent
一级,0.6893148906929988
二级,0.8714536324117425
三级,0.0
