JD,WD,value
119.339158,35.17647178,1
119.3012309,35.39150145,1
117.1689372,28.2246819,1
118.9799089,35.92304007,1
119.2155804,35.7556971,1
