JD,WD,value
116.2979565,35.41008808,1
119.268782,35.29195705,1
119.4586262,35.43829808,6
119.3866344,35.28446157,1
112.1380499,29.10446695,1
118.6240406,33.84566739,1
