JGDJ,percent
一级,0.8861398990074209
二级,0.0
三级,0.5179180332277095
