JGDJ,percent
一级,0.0
二级,0.7520210612840986
三级,0.5465451383245018
