JD,WD,value
118.9893251,35.40548657,1
118.8435382,35.58587212,1
113.8643611,36.13099864,1
