JD,WD,value
119.268782,35.29195705,1
119.1934703,35.17300822,1
119.4686243,35.431049,1
119.4586262,35.43829808,3
119.5540672,35.3961023,1
119.3012309,35.39150145,1
106.9507598,27.70800021,1
120.3880917,36.30814232,1
115.4590891,38.53731644,1
