JGDJ,percent
一级,0.0
二级,0.583362153545183
三级,0.8238468287215669
