JD,WD,value
119.5734467,35.57720323,1
118.9893251,35.40548657,3
119.2860155,35.13672208,1
106.7371863,30.28648256,1
119.3599022,35.10417597,1
105.9712604,35.34351848,2
119.4586262,35.43829808,2
119.3866344,35.28446157,1
119.5301142,35.46771125,1
119.3012309,35.39150145,1
118.6240406,33.84566739,3
117.2007828,34.24453607,1
106.9507598,27.70800021,2
115.6151801,38.90127817,1
118.8011232,35.52220152,1
