JGDJ,percent
一级,0.0
二级,0.6260897208009426
三级,0.529656236787271
