JD,WD,value
115.6151801,38.90127817,1
118.8435382,35.58587212,4
118.9799089,35.92304007,1
