JD,WD,value
118.8011232,35.52220152,1
117.1689372,28.2246819,1
118.9799089,35.92304007,1
