JD,WD,value
116.2005516,37.43284291,1
120.3880917,36.30814232,1
115.6151801,38.90127817,1
118.8435382,35.58587212,2
118.8011232,35.52220152,52
113.8643611,36.13099864,34
118.931584,35.46998243,1
115.4590891,38.53731644,1
118.9721459,35.9918261,1
119.2155804,35.7556971,1
119.2163458,35.74590734,27
119.2749927,35.61298018,7
119.4610803,35.68345171,6
119.3319313,35.86638699,5
