JD,WD,value
105.9712604,35.34351848,1
119.3866344,35.28446157,2
