JD,WD,value
118.8011232,35.52220152,2
119.2155804,35.7556971,2
