JGDJ,percent
一级,0.655591850769363
二级,0.0
三级,0.8343545200422468
