JGDJ,percent
一级,0.914250075980144
二级,0.0
三级,0.9016796232897875
