JD,WD,value
117.2007828,34.24453607,1
118.8435382,35.58587212,1
