JD,WD,value
116.5273454,30.66495721,1
119.4586262,35.43829808,2
119.5301142,35.46771125,1
119.3012309,35.39150145,1
118.6240406,33.84566739,1
117.2007828,34.24453607,1
106.9507598,27.70800021,2
119.4610803,35.68345171,1
