JD,WD,value
119.2860155,35.13672208,2
119.5540672,35.3961023,1
117.2007828,34.24453607,1
120.3880917,36.30814232,1
118.8435382,35.58587212,1
119.2155804,35.7556971,1
118.9996978,35.80907805,2
119.1461076,35.65612567,1
