JGDJ,percent
一级,0.0
二级,0.607441919510753
三级,0.4427292347087248
