JD,WD,value
119.3599022,35.10417597,1
117.2007828,34.24453607,1
118.8011232,35.52220152,3
