JGDJ,percent
一级,0.0
二级,0.693108883521864
三级,0.6510321523097969
