JD,WD,value
116.7670156,30.60366922,1
105.9712604,35.34351848,3
119.3012309,35.39150145,1
118.895378,35.87753653,1
106.3741305,31.87138456,2
118.8011232,35.52220152,1
113.8643611,36.13099864,2
118.9067767,35.58440415,1
118.9460049,35.65733871,1
119.2163458,35.74590734,1
118.9996978,35.80907805,1
119.2749927,35.61298018,1
119.4610803,35.68345171,1
119.3319313,35.86638699,2
119.4246591,35.73670114,1
119.1461076,35.65612567,1
119.1292477,35.78829172,1
