JD,WD,value
119.5734467,35.57720323,1
118.9893251,35.40548657,1
119.4686243,35.431049,1
119.5170405,35.53091754,1
120.3880917,36.30814232,1
118.8150764,35.8120243,2
112.9563338,34.92070114,1
115.4590891,38.53731644,1
119.2749927,35.61298018,1
119.1056767,35.91554883,1
