JGDJ,percent
一级,0.0
二级,0.6816522561039342
三级,0.5011126746886931
