JD,WD,value
118.9893251,35.40548657,3
