JGDJ,percent
一级,0.7197252977764806
二级,0.37480009035464196
三级,0.0
