JD,WD,value
113.8643611,36.13099864,1
115.4590891,38.53731644,2
119.2163458,35.74590734,7
119.2749927,35.61298018,1
119.3319313,35.86638699,1
119.1056767,35.91554883,1
