JGDJ,percent
一级,0.0
二级,0.7017085055794547
三级,0.5951840383163944
