JGDJ,percent
一级,0.5055161826584261
二级,0.5237554078532648
三级,0.47407668070388265
