JGDJ,percent
一级,0.0
二级,0.6997820398926168
三级,0.5789121060437332
