JGDJ,percent
一级,0.4240750966316952
二级,0.7060538608202782
三级,0.47468244033155854
