JD,WD,value
116.7670156,30.60366922,1
119.3599022,35.10417597,1
119.4686243,35.431049,1
115.6115866,38.62736949,2
120.3880917,36.30814232,1
106.3741305,31.87138456,1
118.8435382,35.58587212,1
118.9067767,35.58440415,1
