JD,WD,value
119.2860155,35.13672208,1
119.3866344,35.28446157,1
120.3880917,36.30814232,1
119.2163458,35.74590734,1
119.2749927,35.61298018,1
