JGDJ,percent
一级,0.0
二级,0.5922084303629799
三级,0.4727767817191289
