JGDJ,percent
一级,0.0
二级,0.7976099603586654
三级,0.4347967564818001
