JD,WD,value
119.339158,35.17647178,1
105.9712604,35.34351848,1
119.5540672,35.3961023,1
119.3012309,35.39150145,1
115.6115866,38.62736949,1
120.3880917,36.30814232,1
