JD,WD,value
115.6151801,38.90127817,1
119.2155804,35.7556971,1
