JGDJ,percent
一级,0.0
二级,0.6843581710394911
三级,0.5362137964875577
