JGDJ,percent
一级,0.0
二级,0.7055336567386978
三级,0.5346037663942171
