JGDJ,percent
一级,0.0
二级,0.713305520848775
三级,0.575357183762341
