JD,WD,value
119.3012309,35.39150145,1
120.3880917,36.30814232,1
119.2749927,35.61298018,1
