JD,WD,value
116.7670156,30.60366922,1
119.268782,35.29195705,1
119.1934703,35.17300822,2
119.3012309,35.39150145,1
119.5170405,35.53091754,1
116.2005516,37.43284291,2
120.3880917,36.30814232,1
115.6151801,38.90127817,1
118.8011232,35.52220152,1
115.4590891,38.53731644,1
119.2163458,35.74590734,1
119.2749927,35.61298018,1
