JD,WD,value
116.7670156,30.60366922,1
105.9712604,35.34351848,2
119.3599022,35.10417597,1
119.4586262,35.43829808,1
119.3866344,35.28446157,1
112.1380499,29.10446695,2
119.5301142,35.46771125,1
119.3012309,35.39150145,1
119.5170405,35.53091754,1
118.6240406,33.84566739,1
117.2007828,34.24453607,1
106.9507598,27.70800021,1
106.3741305,31.87138456,1
112.9563338,34.92070114,1
118.8435382,35.58587212,1
118.9996978,35.80907805,1
