JD,WD,value
119.339158,35.17647178,1
116.2005516,37.43284291,1
119.2155804,35.7556971,1
119.2163458,35.74590734,1
