JGDJ,percent
一级,0.0
二级,0.8654561354082413
三级,0.5814652962000739
