JGDJ,percent
一级,0.7190924433668497
二级,0.8167488075635753
三级,0.6261077246233601
