JD,WD,value
116.7670156,30.60366922,1
119.268782,35.29195705,1
119.2860155,35.13672208,2
119.3599022,35.10417597,1
105.9712604,35.34351848,1
119.4586262,35.43829808,2
118.6240406,33.84566739,2
118.7800798,35.59681379,1
118.895378,35.87753653,2
106.3741305,31.87138456,1
118.8150764,35.8120243,1
118.8011232,35.52220152,1
117.1689372,28.2246819,1
119.2155804,35.7556971,3
119.1056767,35.91554883,1
