JGDJ,percent
一级,0.505779567174023
二级,0.5186028075307353
三级,0.37287306976478735
