JGDJ,percent
一级,0.8947486823584725
二级,0.5845394034961724
三级,0.6803299424134557
