JD,WD,value
105.9712604,35.34351848,1
118.6240406,33.84566739,1
118.7800798,35.59681379,1
118.8150764,35.8120243,1
118.8435382,35.58587212,1
118.931584,35.46998243,1
119.2155804,35.7556971,5
119.2163458,35.74590734,2
