JD,WD,value
105.9712604,35.34351848,1
115.4590891,38.53731644,2
