JD,WD,value
119.5540672,35.3961023,1
112.9563338,34.92070114,1
