JD,WD,value
118.9893251,35.40548657,1
119.1934703,35.17300822,1
116.2005516,37.43284291,3
120.3880917,36.30814232,5
118.895378,35.87753653,1
115.6151801,38.90127817,1
118.8435382,35.58587212,1
118.9067767,35.58440415,1
118.9460049,35.65733871,1
