JGDJ,percent
一级,0.45391384900416865
二级,0.4390193512843468
三级,0.5052090281101808
