JGDJ,percent
一级,0.0
二级,0.5473490759041576
三级,0.46766328100639476
