JGDJ,percent
一级,0.0
二级,0.9196623451757963
三级,0.6963129340445385
