JD,WD,value
105.9712604,35.34351848,1
119.5540672,35.3961023,6
119.3866344,35.28446157,1
118.6240406,33.84566739,1
119.2163458,35.74590734,2
