JGDJ,percent
一级,0.27493211168922704
二级,0.40095167370646634
三级,0.0
