JD,WD,value
118.9893251,35.40548657,1
119.3599022,35.10417597,1
119.3012309,35.39150145,1
