JD,WD,value
116.7670156,30.60366922,2
119.268782,35.29195705,1
118.9893251,35.40548657,1
119.1934703,35.17300822,2
105.9712604,35.34351848,1
119.4586262,35.43829808,4
119.5540672,35.3961023,1
112.1380499,29.10446695,1
118.6240406,33.84566739,1
120.3880917,36.30814232,1
118.895378,35.87753653,1
