JD,WD,value
112.9563338,34.92070114,1
117.1689372,28.2246819,1
