JD,WD,value
116.7670156,30.60366922,1
119.2860155,35.13672208,1
106.7371863,30.28648256,1
105.9712604,35.34351848,4
119.4686243,35.431049,1
119.4586262,35.43829808,2
119.5540672,35.3961023,1
119.5170405,35.53091754,1
120.3880917,36.30814232,1
118.8435382,35.58587212,1
115.4590891,38.53731644,1
119.2155804,35.7556971,1
119.2163458,35.74590734,1
