JGDJ,percent
一级,0.757415943385748
二级,0.6153226317122593
三级,0.550001963185389
