JD,WD,value
116.2979565,35.41008808,1
105.9712604,35.34351848,1
