JGDJ,percent
一级,0.0
二级,0.8713035174279803
三级,0.4827189808879708
