JD,WD,value
119.5734467,35.57720323,2
119.2860155,35.13672208,1
119.4586262,35.43829808,2
106.9507598,27.70800021,2
118.8011232,35.52220152,2
118.9721459,35.9918261,2
119.2155804,35.7556971,1
119.2163458,35.74590734,6
