JGDJ,percent
一级,0.7749001000290963
二级,0.6012748909262302
三级,0.6153879659442484
