JD,WD,value
116.2979565,35.41008808,1
119.268782,35.29195705,1
120.3880917,36.30814232,1
118.8435382,35.58587212,2
118.9067767,35.58440415,1
115.4590891,38.53731644,1
