JGDJ,percent
一级,0.0
二级,0.7166758612559153
三级,0.6661658519898439
