JD,WD,value
118.7800798,35.59681379,1
116.2005516,37.43284291,1
118.8150764,35.8120243,1
118.9721459,35.9918261,1
119.2155804,35.7556971,1
