JGDJ,percent
一级,0.6457672928692982
二级,0.7518175858804679
三级,0.3228957105051056
