JGDJ,percent
一级,0.0
二级,0.041666666666666664
三级,0.18018018018018017
