JGDJ,percent
一级,0.9310848912044132
二级,0.7389569828559411
三级,0.6413641572616549
