JD,WD,value
119.5734467,35.57720323,1
119.339158,35.17647178,1
118.6240406,33.84566739,1
106.9507598,27.70800021,1
120.3880917,36.30814232,1
118.895378,35.87753653,1
106.3741305,31.87138456,1
118.8150764,35.8120243,1
118.8011232,35.52220152,1
