JGDJ,percent
一级,0.0
二级,0.819879704880887
三级,0.5893717475501036
