JD,WD,value
118.9893251,35.40548657,1
119.339158,35.17647178,1
118.8435382,35.58587212,3
