JGDJ,percent
一级,0.7873988385485003
二级,0.6522104477872325
三级,0.5325982386143869
