JGDJ,percent
一级,0.6772727247388161
二级,0.696465472074217
三级,0.0
