JGDJ,percent
一级,0.8840200986594782
二级,0.6806021313063566
三级,0.7729504558336464
