JGDJ,percent
一级,0.7284644718916878
二级,0.7780324458112944
三级,0.6912287158985809
