JD,WD,value
118.8435382,35.58587212,4
115.4590891,38.53731644,4
