JGDJ,percent
一级,0.8284998708510343
二级,0.0
三级,0.492838308317947
