JD,WD,value
119.5734467,35.57720323,1
119.268782,35.29195705,1
119.2860155,35.13672208,3
119.339158,35.17647178,1
119.1934703,35.17300822,2
105.9712604,35.34351848,1
119.3599022,35.10417597,1
119.4686243,35.431049,1
119.3866344,35.28446157,2
119.3012309,35.39150145,1
117.2007828,34.24453607,2
116.2005516,37.43284291,1
119.2155804,35.7556971,1
118.9996978,35.80907805,1
