JGDJ,percent
一级,0.0
二级,0.6837891053619761
三级,0.466928533882506
