JD,WD,value
119.1056767,35.91554883,3
