JD,WD,value
119.4686243,35.431049,1
115.6115866,38.62736949,1
118.8435382,35.58587212,1
