JGDJ,percent
一级,0.9564852990875296
二级,0.619995860742388
三级,0.15314376826999734
