JD,WD,value
119.2749927,35.61298018,1
119.3319313,35.86638699,1
