JGDJ,percent
一级,0.9645089873504141
二级,0.835033262147879
三级,0.0
