JGDJ,percent
一级,0.8122669322108059
二级,0.8802160724761393
三级,0.4716661176872672
