JGDJ,percent
一级,0.8335673637098135
二级,0.7416443024554281
三级,0.4294192307762346
