JD,WD,value
119.268782,35.29195705,1
119.2860155,35.13672208,1
119.1934703,35.17300822,1
119.4686243,35.431049,1
119.4586262,35.43829808,1
119.3012309,35.39150145,1
118.8435382,35.58587212,2
118.931584,35.46998243,3
119.3319313,35.86638699,1
