JD,WD,value
119.4686243,35.431049,1
119.2155804,35.7556971,1
119.3964308,35.50585644,1
