JD,WD,value
119.2163458,35.74590734,1
119.4246591,35.73670114,1
