JD,WD,value
118.9067767,35.58440415,1
119.2163458,35.74590734,1
