JD,WD,value
119.1934703,35.17300822,1
119.4686243,35.431049,1
117.2007828,34.24453607,1
115.6115866,38.62736949,1
118.7800798,35.59681379,1
120.3880917,36.30814232,3
115.6151801,38.90127817,1
112.9563338,34.92070114,2
118.8435382,35.58587212,1
119.4246591,35.73670114,1
119.3964308,35.50585644,1
