JD,WD,value
106.7371863,30.28648256,2
119.5540672,35.3961023,1
119.3866344,35.28446157,3
112.1380499,29.10446695,1
118.6240406,33.84566739,1
118.895378,35.87753653,1
108.4963313,30.77400589,1
118.8435382,35.58587212,4
118.8011232,35.52220152,4
118.9721459,35.9918261,2
119.2155804,35.7556971,4
118.9996978,35.80907805,1
119.1056767,35.91554883,2
111.9018348,22.4752086,3
