JGDJ,percent
一级,0.6528655909007446
二级,0.7212530458050642
三级,0.5077737279297565
