JD,WD,value
118.9893251,35.40548657,1
105.9712604,35.34351848,1
119.5301142,35.46771125,1
117.2007828,34.24453607,1
115.6115866,38.62736949,1
120.3880917,36.30814232,1
113.8643611,36.13099864,1
119.2749927,35.61298018,1
