JD,WD,value
108.4963313,30.77400589,1
115.4590891,38.53731644,2
