JGDJ,percent
一级,0.0
二级,0.7472606782685786
三级,0.6273698515692445
