JD,WD,value
120.3880917,36.30814232,2
118.895378,35.87753653,1
118.8435382,35.58587212,2
118.8011232,35.52220152,3
115.4590891,38.53731644,2
119.2155804,35.7556971,1
