JGDJ,percent
一级,0.0
二级,0.6978681610241132
三级,0.4876604041578907
