JGDJ,percent
一级,0.6014950195334965
二级,0.0
三级,0.6247151920396107
