JGDJ,percent
一级,0.0
二级,0.8985118495100702
三级,0.7167382348999632
