JD,WD,value
116.2005516,37.43284291,1
118.895378,35.87753653,1
106.3741305,31.87138456,2
118.8011232,35.52220152,1
118.9067767,35.58440415,1
118.931584,35.46998243,1
118.9460049,35.65733871,2
119.4246591,35.73670114,1
