JGDJ,percent
一级,0.8323532615993453
二级,0.5372486517078368
三级,0.0
