JD,WD,value
118.9893251,35.40548657,1
118.9067767,35.58440415,1
118.9799089,35.92304007,1
119.2155804,35.7556971,2
