JGDJ,percent
一级,0.6656118308711795
二级,0.8928284536672714
三级,0.460155879661783
