JD,WD,value
119.4586262,35.43829808,2
119.3866344,35.28446157,3
116.2005516,37.43284291,1
