JD,WD,value
119.268782,35.29195705,1
118.9067767,35.58440415,1
