JGDJ,percent
一级,0.8033230049323384
二级,0.0
三级,0.4781364572574459
