JGDJ,percent
一级,0.0
二级,0.6177670628724771
三级,0.4879580893208999
