JD,WD,value
119.5734467,35.57720323,4
116.7670156,30.60366922,1
105.9712604,35.34351848,1
119.4586262,35.43829808,1
118.6240406,33.84566739,3
119.2738349,35.51464975,1
106.9507598,27.70800021,1
118.7800798,35.59681379,1
118.8435382,35.58587212,3
119.2749927,35.61298018,3
