JD,WD,value
115.6115866,38.62736949,1
116.2005516,37.43284291,1
112.9563338,34.92070114,2
118.8435382,35.58587212,3
118.9721459,35.9918261,2
