JD,WD,value
116.7670156,30.60366922,1
119.268782,35.29195705,2
105.9712604,35.34351848,2
119.3012309,35.39150145,1
118.895378,35.87753653,1
112.9563338,34.92070114,1
118.8435382,35.58587212,3
