JD,WD,value
119.268782,35.29195705,2
105.9712604,35.34351848,1
119.4586262,35.43829808,1
119.2738349,35.51464975,1
113.8643611,36.13099864,3
119.2163458,35.74590734,1
119.4610803,35.68345171,1
