JD,WD,value
118.9893251,35.40548657,1
119.2860155,35.13672208,1
119.2155804,35.7556971,1
119.2163458,35.74590734,1
118.9996978,35.80907805,1
