JD,WD,value
119.5734467,35.57720323,1
119.3599022,35.10417597,1
119.3866344,35.28446157,1
