JGDJ,percent
一级,0.9366401712014675
二级,0.8278583723406889
三级,0.7993941255600632
