JGDJ,percent
一级,0.0
二级,0.7138284469969837
三级,0.5038828407742237
