JGDJ,percent
一级,0.0
二级,0.6232611662509253
三级,0.4910292933902875
