JD,WD,value
119.4610803,35.68345171,1
