JGDJ,percent
一级,0.0
二级,0.6402079264158301
三级,0.5392443801785464
