JGDJ,percent
一级,0.8886606893246535
二级,0.790484803637368
三级,0.6795743770920575
