JD,WD,value
118.9893251,35.40548657,1
118.6240406,33.84566739,1
113.8643611,36.13099864,1
