JGDJ,percent
一级,0.7628747753336198
二级,0.6427475230115199
三级,0.7557554290002404
