JD,WD,value
119.339158,35.17647178,1
119.4586262,35.43829808,2
106.3741305,31.87138456,1
112.9563338,34.92070114,1
