JGDJ,percent
一级,0.0
二级,0.8419950104596189
三级,0.8211317178508004
