JGDJ,percent
一级,0.0
二级,0.5931636863823935
三级,0.5767597568614587
