JGDJ,percent
一级,0.7631997308727413
二级,0.570573222302949
三级,0.6028721234581063
