JD,WD,value
116.2979565,35.41008808,2
119.339158,35.17647178,2
105.9712604,35.34351848,1
119.3012309,35.39150145,1
118.7800798,35.59681379,1
116.2005516,37.43284291,1
