JGDJ,percent
一级,0.0
二级,0.8662377371067542
三级,0.46862761692993055
