JGDJ,percent
一级,0.7868643202072773
二级,0.5902485914520621
三级,0.5714205774746856
