JD,WD,value
119.4586262,35.43829808,1
119.3012309,35.39150145,1
115.6115866,38.62736949,4
118.7800798,35.59681379,1
116.2005516,37.43284291,1
120.3880917,36.30814232,2
118.895378,35.87753653,3
115.6151801,38.90127817,2
106.3741305,31.87138456,1
118.8435382,35.58587212,7
113.8643611,36.13099864,9
118.9067767,35.58440415,1
115.4590891,38.53731644,1
118.9460049,35.65733871,3
118.9799089,35.92304007,1
118.7692124,35.77904003,1
119.1056767,35.91554883,1
