JGDJ,percent
一级,0.801869178842398
二级,0.0
三级,0.5461052304909711
