JD,WD,value
119.4686243,35.431049,1
120.3880917,36.30814232,1
119.2163458,35.74590734,1
119.1056767,35.91554883,1
119.1292477,35.78829172,1
