JD,WD,value
118.8435382,35.58587212,1
113.8643611,36.13099864,7
119.2749927,35.61298018,3
