JD,WD,value
113.8643611,36.13099864,7
119.2155804,35.7556971,1
119.2163458,35.74590734,4
119.4246591,35.73670114,1
111.9018348,22.4752086,2
