JGDJ,percent
一级,0.0
二级,0.5125596195525937
三级,0.7108436860461764
