JGDJ,percent
一级,0.6207839424351449
二级,0.6614956356311549
三级,0.0
