JD,WD,value
119.2860155,35.13672208,1
119.1934703,35.17300822,1
119.3599022,35.10417597,1
118.8435382,35.58587212,1
