JGDJ,percent
一级,0.0
二级,0.3737716892045101
三级,0.7864127272469239
