JD,WD,value
105.9712604,35.34351848,1
119.5540672,35.3961023,1
