JGDJ,percent
一级,0.0
二级,0.5983484696680779
三级,0.3256847495290083
