JD,WD,value
118.9893251,35.40548657,1
119.3866344,35.28446157,1
113.8643611,36.13099864,1
119.2749927,35.61298018,1
