JGDJ,percent
一级,0.7048755077335787
二级,0.6320329199688242
三级,0.0
