JD,WD,value
119.3599022,35.10417597,1
117.1689372,28.2246819,1
118.9721459,35.9918261,1
119.2749927,35.61298018,1
