JGDJ,percent
一级,0.7514266628495084
二级,0.47723239267727235
三级,0.0
