JD,WD,value
116.7670156,30.60366922,1
119.3599022,35.10417597,2
119.4686243,35.431049,2
119.4586262,35.43829808,2
119.5540672,35.3961023,1
112.1380499,29.10446695,1
119.3012309,35.39150145,1
118.895378,35.87753653,1
113.8643611,36.13099864,1
119.2155804,35.7556971,1
119.4610803,35.68345171,1
119.3319313,35.86638699,1
