JD,WD,value
108.4963313,30.77400589,1
112.9563338,34.92070114,1
