JGDJ,percent
一级,0.8301376534603717
二级,0.6514709655632915
三级,0.5040387741649898
