JGDJ,percent
一级,0.7657684587377587
二级,0.5928873093016608
三级,0.6163622553431949
