JD,WD,value
112.1380499,29.10446695,1
120.3880917,36.30814232,1
