JGDJ,percent
一级,0.6645495236428196
二级,0.0
三级,0.5060685007514432
