JD,WD,value
119.339158,35.17647178,1
119.1934703,35.17300822,3
119.4586262,35.43829808,1
119.5540672,35.3961023,3
119.3866344,35.28446157,1
119.5301142,35.46771125,3
119.3012309,35.39150145,1
117.2007828,34.24453607,1
118.8435382,35.58587212,1
118.931584,35.46998243,1
118.9460049,35.65733871,1
