JGDJ,percent
一级,0.6130539437885362
二级,0.6701841664811801
三级,0.43423128249483534
