JGDJ,percent
一级,0.6037841766383129
二级,0.6422666443694104
三级,0.5024836712132504
