JD,WD,value
116.7670156,30.60366922,1
119.5540672,35.3961023,1
106.3741305,31.87138456,1
113.8643611,36.13099864,5
118.931584,35.46998243,3
119.2155804,35.7556971,1
119.2749927,35.61298018,5
