JGDJ,percent
一级,0.8028753164411451
二级,0.7152490022509346
三级,0.602834036543167
