JD,WD,value
116.2979565,35.41008808,1
119.3012309,35.39150145,1
108.4963313,30.77400589,1
113.8643611,36.13099864,7
117.1689372,28.2246819,1
