JGDJ,percent
一级,0.9217410013895742
二级,0.0
三级,0.48048573872764827
