JGDJ,percent
一级,0.8490271037450783
二级,0.0
三级,0.45735700967694254
