JD,WD,value
119.3599022,35.10417597,1
119.4686243,35.431049,1
119.4586262,35.43829808,2
119.5301142,35.46771125,1
119.5170405,35.53091754,1
106.9507598,27.70800021,2
116.2005516,37.43284291,1
119.3319313,35.86638699,1
