JD,WD,value
118.8435382,35.58587212,2
118.8011232,35.52220152,7
119.2155804,35.7556971,1
119.2749927,35.61298018,1
