JGDJ,percent
一级,0.20116156282998943
二级,0.0
三级,0.52139577156512
