JGDJ,percent
一级,0.4200223713646532
二级,0.0
三级,0.47468544305457216
