JD,WD,value
116.2979565,35.41008808,2
119.268782,35.29195705,1
119.2860155,35.13672208,1
119.1934703,35.17300822,1
119.4686243,35.431049,3
119.5540672,35.3961023,8
119.5301142,35.46771125,1
118.6240406,33.84566739,2
120.3880917,36.30814232,1
119.2155804,35.7556971,1
118.9996978,35.80907805,1
111.9018348,22.4752086,1
