JGDJ,percent
一级,0.0
二级,0.6488272052418498
三级,0.5243144193622399
