JD,WD,value
116.7670156,30.60366922,1
119.268782,35.29195705,1
119.339158,35.17647178,3
119.3599022,35.10417597,1
106.9507598,27.70800021,1
112.9563338,34.92070114,1
119.2749927,35.61298018,1
