JGDJ,percent
一级,0.0
二级,0.5719713581775193
三级,0.39332254428578467
