JD,WD,value
118.9460049,35.65733871,1
