JD,WD,value
113.8643611,36.13099864,5
118.931584,35.46998243,11
