JGDJ,percent
一级,0.2737676056338028
二级,0.5677462683743545
三级,0.4861617818770363
