JD,WD,value
118.7800798,35.59681379,1
118.895378,35.87753653,1
