JD,WD,value
120.3880917,36.30814232,1
115.6151801,38.90127817,3
106.3741305,31.87138456,1
