JGDJ,percent
一级,0.8541096145202118
二级,0.6738883233396872
三级,0.4959728345762515
