JGDJ,percent
一级,0.0
二级,0.4773623385452073
三级,0.4783160090552441
