JD,WD,value
106.7371863,30.28648256,1
119.4686243,35.431049,1
