JGDJ,percent
一级,0.6401055227262898
二级,0.6959891827345215
三级,0.5695351206181363
