JGDJ,percent
一级,0.21428571428571427
二级,0.16304347826086957
三级,0.11538461538461539
