JGDJ,percent
一级,0.0
二级,0.4436168649919201
三级,0.6536028031741156
