JD,WD,value
119.3866344,35.28446157,1
116.2005516,37.43284291,1
118.9460049,35.65733871,1
119.3319313,35.86638699,1
