JD,WD,value
119.1934703,35.17300822,1
119.3599022,35.10417597,1
105.9712604,35.34351848,1
119.3866344,35.28446157,1
118.6240406,33.84566739,1
117.2007828,34.24453607,1
115.6115866,38.62736949,1
120.3880917,36.30814232,1
115.6151801,38.90127817,2
118.931584,35.46998243,1
115.4590891,38.53731644,3
118.9460049,35.65733871,1
118.9721459,35.9918261,1
