JD,WD,value
116.7670156,30.60366922,1
119.4586262,35.43829808,1
119.5540672,35.3961023,1
106.9507598,27.70800021,1
115.6115866,38.62736949,1
115.6151801,38.90127817,1
112.9563338,34.92070114,1
117.1689372,28.2246819,1
118.9460049,35.65733871,1
119.3319313,35.86638699,1
