JD,WD,value
119.5734467,35.57720323,1
116.7670156,30.60366922,1
119.3866344,35.28446157,1
119.2749927,35.61298018,1
