JGDJ,percent
一级,0.0
二级,0.8577753965880103
三级,0.6606591934070066
