JGDJ,percent
一级,0.0
二级,0.606349485287838
三级,0.47927732930800776
