JD,WD,value
119.2860155,35.13672208,1
119.4686243,35.431049,2
118.8435382,35.58587212,2
118.9721459,35.9918261,1
