JGDJ,percent
一级,0.0
二级,0.6055247011974474
三级,0.4832983228425792
