JD,WD,value
113.8643611,36.13099864,1
118.9721459,35.9918261,1
119.1292477,35.78829172,1
