JD,WD,value
116.7670156,30.60366922,1
119.268782,35.29195705,1
119.4586262,35.43829808,2
119.3012309,35.39150145,2
120.3880917,36.30814232,1
108.4963313,30.77400589,1
112.9563338,34.92070114,1
118.8435382,35.58587212,1
