JD,WD,value
118.7800798,35.59681379,1
120.3880917,36.30814232,4
118.895378,35.87753653,2
118.8435382,35.58587212,3
118.8011232,35.52220152,4
118.9067767,35.58440415,3
115.4590891,38.53731644,1
118.9460049,35.65733871,1
118.9799089,35.92304007,2
118.7692124,35.77904003,1
