JGDJ,percent
一级,0.0
二级,0.47484909456740443
三级,0.4826622553208311
