JGDJ,percent
一级,0.339704057965803
二级,0.8723008266232891
三级,0.0
