JGDJ,percent
一级,0.0
二级,0.6274576972708851
三级,0.5090112663339487
