JD,WD,value
119.2860155,35.13672208,1
119.1934703,35.17300822,1
119.4586262,35.43829808,1
119.2163458,35.74590734,2
119.3319313,35.86638699,1
