JGDJ,percent
一级,0.0
二级,0.6209940637612958
三级,0.5081254198758864
