JD,WD,value
119.3319313,35.86638699,1
119.1461076,35.65612567,1
