JD,WD,value
105.9712604,35.34351848,1
115.6151801,38.90127817,1
119.2155804,35.7556971,1
119.2163458,35.74590734,1
