JD,WD,value
115.6151801,38.90127817,4
118.931584,35.46998243,13
119.2163458,35.74590734,1
