JD,WD,value
118.9893251,35.40548657,1
119.339158,35.17647178,1
119.5540672,35.3961023,1
119.5301142,35.46771125,1
119.2155804,35.7556971,1
