JGDJ,percent
一级,0.852505586271731
二级,0.6986365978938346
三级,0.5730267678843788
