JD,WD,value
119.339158,35.17647178,1
118.7800798,35.59681379,1
118.895378,35.87753653,1
112.9563338,34.92070114,1
113.8643611,36.13099864,1
119.1056767,35.91554883,1
