JD,WD,value
119.2860155,35.13672208,1
119.3599022,35.10417597,1
119.5540672,35.3961023,1
