JGDJ,percent
一级,0.0
二级,0.7483434106703905
三级,0.5550903786460639
