JGDJ,percent
一级,0.0
二级,0.6099381314803171
三级,0.4661927659519173
