JD,WD,value
119.268782,35.29195705,1
119.339158,35.17647178,1
120.3880917,36.30814232,1
113.8643611,36.13099864,1
118.9067767,35.58440415,1
118.7692124,35.77904003,1
119.2155804,35.7556971,2
118.9996978,35.80907805,9
