JGDJ,percent
一级,0.22785485592315902
二级,0.0768025078369906
三级,0.14523685580426862
