JGDJ,percent
一级,0.0
二级,0.450199203187251
三级,0.6210391219305738
