JGDJ,percent
一级,0.0
二级,0.8190918149423628
三级,0.49465863140657895
