JD,WD,value
116.2979565,35.41008808,1
119.5734467,35.57720323,1
119.268782,35.29195705,1
120.3880917,36.30814232,1
117.1689372,28.2246819,1
119.2163458,35.74590734,1
119.1461076,35.65612567,1
119.1056767,35.91554883,1
119.1292477,35.78829172,1
111.9018348,22.4752086,1
