JD,WD,value
119.5170405,35.53091754,1
