JD,WD,value
115.6115866,38.62736949,1
116.2005516,37.43284291,3
118.9721459,35.9918261,1
119.4610803,35.68345171,1
119.1056767,35.91554883,1
119.1292477,35.78829172,1
