JGDJ,percent
一级,0.7503403591727396
二级,0.7555794077372743
三级,0.0
