JGDJ,percent
一级,0.8151492205219898
二级,0.6650053913546601
三级,0.5415190961489458
