JGDJ,percent
一级,0.8820430264890972
二级,0.6937453611283475
三级,0.6946436429694586
