JGDJ,percent
一级,0.0
二级,0.6214504570873657
三级,0.7223257912892687
