JGDJ,percent
一级,0.8314623352018413
二级,0.5982433491592465
三级,0.5360448966632428
