JD,WD,value
118.9893251,35.40548657,1
119.1934703,35.17300822,2
105.9712604,35.34351848,1
119.5540672,35.3961023,1
115.6115866,38.62736949,4
120.3880917,36.30814232,1
118.895378,35.87753653,1
106.3741305,31.87138456,4
118.8435382,35.58587212,7
113.8643611,36.13099864,2
118.9067767,35.58440415,6
118.9460049,35.65733871,3
119.2155804,35.7556971,2
119.3319313,35.86638699,1
