JGDJ,percent
一级,0.0
二级,0.7164436473996414
三级,0.4845537579101593
