JD,WD,value
116.7670156,30.60366922,1
106.7371863,30.28648256,1
