JD,WD,value
119.1934703,35.17300822,1
105.9712604,35.34351848,1
118.7800798,35.59681379,2
119.2749927,35.61298018,1
111.9018348,22.4752086,1
