JGDJ,percent
一级,0.7693517748822365
二级,0.8287689814481918
三级,0.5959955511323309
