JGDJ,percent
一级,0.3333333333333333
二级,0.1111111111111111
三级,0.14285714285714285
