JD,WD,value
116.7670156,30.60366922,1
106.7371863,30.28648256,1
119.3599022,35.10417597,1
119.4686243,35.431049,1
119.3866344,35.28446157,1
112.1380499,29.10446695,1
118.6240406,33.84566739,1
119.2738349,35.51464975,1
118.895378,35.87753653,1
115.6151801,38.90127817,1
113.8643611,36.13099864,1
119.2155804,35.7556971,1
