JGDJ,percent
一级,0.28860294117647056
二级,0.5822220836213278
三级,0.5374831573748801
