JGDJ,percent
一级,0.0
二级,0.6342625467983775
三级,0.5161498112568514
