JD,WD,value
117.2007828,34.24453607,1
120.3880917,36.30814232,1
