JD,WD,value
119.4686243,35.431049,1
