JD,WD,value
119.2860155,35.13672208,1
118.9996978,35.80907805,1
