JD,WD,value
116.2979565,35.41008808,1
118.6240406,33.84566739,1
112.9563338,34.92070114,1
