JD,WD,value
113.8643611,36.13099864,1
119.2749927,35.61298018,1
