JGDJ,percent
一级,0.6821662193149296
二级,0.4946240978512832
三级,0.4488449656983847
