JD,WD,value
119.268782,35.29195705,1
118.8011232,35.52220152,3
119.2163458,35.74590734,5
