JD,WD,value
119.2155804,35.7556971,1
119.3319313,35.86638699,4
