JGDJ,percent
一级,0.7796745010353887
二级,0.0
三级,0.6004559478758357
