JD,WD,value
119.3599022,35.10417597,1
115.6151801,38.90127817,1
