JD,WD,value
119.2860155,35.13672208,2
