JGDJ,percent
一级,0.22727272727272727
二级,0.13513513513513514
三级,0.0
