JD,WD,value
113.8643611,36.13099864,8
