JD,WD,value
118.9460049,35.65733871,1
119.2155804,35.7556971,1
118.9996978,35.80907805,1
