JGDJ,percent
一级,0.0
二级,0.6664085806025551
三级,0.8052425234873659
