JGDJ,percent
一级,0.7655272355025965
二级,0.6642896650882878
三级,0.25510982677727806
