JD,WD,value
119.4586262,35.43829808,1
106.9507598,27.70800021,1
118.9460049,35.65733871,1
119.1461076,35.65612567,1
