JGDJ,percent
一级,0.0
二级,0.5627735649066047
三级,0.49736017415535244
