JD,WD,value
119.2860155,35.13672208,2
106.9507598,27.70800021,1
119.2155804,35.7556971,2
119.2163458,35.74590734,1
119.1056767,35.91554883,1
