JGDJ,percent
一级,0.7958278348480399
二级,0.5533236491344543
三级,0.5813348350950154
