JGDJ,percent
一级,0.0
二级,0.6479361513449601
三级,0.5679635854341737
