JGDJ,percent
一级,0.6470507628747905
二级,0.6435434305718509
三级,0.5291704649465586
