JD,WD,value
119.3599022,35.10417597,1
119.4586262,35.43829808,2
119.3866344,35.28446157,1
119.5301142,35.46771125,1
119.3012309,35.39150145,1
117.2007828,34.24453607,1
106.9507598,27.70800021,1
119.2163458,35.74590734,1
119.2749927,35.61298018,2
119.4610803,35.68345171,1
