JGDJ,percent
一级,0.0
二级,0.6383974220832472
三级,0.536593540995426
