JD,WD,value
118.9893251,35.40548657,1
106.7371863,30.28648256,1
119.3866344,35.28446157,1
106.9507598,27.70800021,2
119.2155804,35.7556971,1
119.2163458,35.74590734,1
118.9996978,35.80907805,1
