JGDJ,percent
一级,0.0
二级,0.796147552744978
三级,0.4932285608161758
