JGDJ,percent
一级,0.0
二级,0.4877427089285514
三级,0.39527651392126373
