JD,WD,value
119.339158,35.17647178,1
119.1934703,35.17300822,1
105.9712604,35.34351848,2
119.5540672,35.3961023,1
119.3866344,35.28446157,1
119.3012309,35.39150145,3
118.6240406,33.84566739,1
119.2738349,35.51464975,2
