JGDJ,percent
一级,0.0
二级,0.7329970384697779
三级,0.6738362943318366
