JD,WD,value
118.8150764,35.8120243,1
118.8435382,35.58587212,1
118.8011232,35.52220152,2
