JD,WD,value
119.2860155,35.13672208,2
119.3599022,35.10417597,2
119.4586262,35.43829808,1
112.1380499,29.10446695,1
106.3741305,31.87138456,1
118.8011232,35.52220152,1
113.8643611,36.13099864,1
118.9067767,35.58440415,1
118.9460049,35.65733871,2
118.9799089,35.92304007,1
119.2155804,35.7556971,1
118.9996978,35.80907805,1
