JD,WD,value
119.5734467,35.57720323,3
119.268782,35.29195705,2
119.3599022,35.10417597,1
105.9712604,35.34351848,2
119.5540672,35.3961023,1
119.3866344,35.28446157,6
119.5301142,35.46771125,2
118.6240406,33.84566739,1
106.9507598,27.70800021,1
119.2163458,35.74590734,2
118.9996978,35.80907805,1
119.2749927,35.61298018,1
