JD,WD,value
119.4586262,35.43829808,1
119.3012309,35.39150145,1
118.6240406,33.84566739,2
118.895378,35.87753653,1
115.4590891,38.53731644,1
118.9460049,35.65733871,1
