JGDJ,percent
一级,0.5699703511355709
二级,0.5397926885151304
三级,0.3381346960381123
