JD,WD,value
119.2738349,35.51464975,1
117.1689372,28.2246819,1
