JGDJ,percent
一级,0.0
二级,0.5953170321368936
三级,0.5134448698781795
