JD,WD,value
116.7670156,30.60366922,1
118.8150764,35.8120243,1
119.2749927,35.61298018,1
119.4610803,35.68345171,1
