JGDJ,percent
一级,0.7184928398304349
二级,0.8043437567181293
三级,0.5719621326669643
