JGDJ,percent
一级,0.7614832030424679
二级,0.8730913789053324
三级,0.0
