JGDJ,percent
一级,0.0
二级,0.7754277316416812
三级,0.758406091750711
