JD,WD,value
119.339158,35.17647178,1
105.9712604,35.34351848,4
119.5301142,35.46771125,2
119.3012309,35.39150145,1
119.2738349,35.51464975,2
