JD,WD,value
119.5734467,35.57720323,1
116.7670156,30.60366922,1
105.9712604,35.34351848,2
118.8435382,35.58587212,1
118.9067767,35.58440415,1
119.2155804,35.7556971,2
119.2163458,35.74590734,1
119.2749927,35.61298018,1
