JGDJ,percent
一级,0.8357104655189798
二级,0.6893683800509331
三级,0.7554349909673372
