JD,WD,value
119.5734467,35.57720323,2
116.7670156,30.60366922,1
119.339158,35.17647178,1
105.9712604,35.34351848,1
119.3012309,35.39150145,1
118.6240406,33.84566739,1
106.9507598,27.70800021,1
115.6115866,38.62736949,1
119.4610803,35.68345171,1
