JGDJ,percent
一级,0.0
二级,0.5301309972430218
三级,0.5390372785531874
