JD,WD,value
119.3599022,35.10417597,1
120.3880917,36.30814232,1
118.8435382,35.58587212,2
