JD,WD,value
120.3880917,36.30814232,4
118.8435382,35.58587212,2
118.9799089,35.92304007,1
