JGDJ,percent
一级,0.0
二级,0.553998964419302
三级,0.4854473306172432
