JD,WD,value
119.1934703,35.17300822,1
119.4686243,35.431049,1
