JGDJ,percent
一级,0.0
二级,0.7466929781041256
三级,0.6383916815432015
