JGDJ,percent
一级,0.0
二级,0.8467046707138509
三级,0.9022497305083244
