JD,WD,value
118.9893251,35.40548657,1
119.3866344,35.28446157,1
119.5170405,35.53091754,1
118.8435382,35.58587212,1
