JGDJ,percent
一级,0.8026083703030626
二级,0.639665014930921
三级,0.5194585055759969
