JGDJ,percent
一级,0.0
二级,0.7837620413276897
三级,0.4236455987150611
