JD,WD,value
116.7670156,30.60366922,1
119.268782,35.29195705,1
118.9893251,35.40548657,1
119.4586262,35.43829808,1
119.3012309,35.39150145,1
119.2738349,35.51464975,1
117.2007828,34.24453607,2
115.6115866,38.62736949,2
106.3741305,31.87138456,1
112.9563338,34.92070114,2
113.8643611,36.13099864,4
118.9067767,35.58440415,1
115.4590891,38.53731644,2
118.9460049,35.65733871,1
119.2155804,35.7556971,1
119.2749927,35.61298018,1
