JGDJ,percent
一级,0.4076837001118986
二级,0.7992762598869579
三级,0.5056423415755129
