JGDJ,percent
一级,0.0
二级,0.27962203291985976
三级,0.24215739607416478
