JD,WD,value
119.268782,35.29195705,1
119.2860155,35.13672208,1
119.5170405,35.53091754,1
119.2738349,35.51464975,2
117.2007828,34.24453607,1
115.6115866,38.62736949,2
120.3880917,36.30814232,1
108.4963313,30.77400589,1
118.9460049,35.65733871,1
119.2163458,35.74590734,4
118.9996978,35.80907805,1
119.3319313,35.86638699,1
