JD,WD,value
119.5734467,35.57720323,2
119.268782,35.29195705,1
106.7371863,30.28648256,1
119.339158,35.17647178,1
119.3599022,35.10417597,2
119.4686243,35.431049,1
119.4586262,35.43829808,1
119.5540672,35.3961023,1
119.3866344,35.28446157,1
119.5301142,35.46771125,2
118.6240406,33.84566739,1
106.9507598,27.70800021,2
