JGDJ,percent
一级,0.0
二级,0.8013928888949083
三级,0.40740539324357045
