JD,WD,value
119.268782,35.29195705,1
119.4686243,35.431049,1
112.1380499,29.10446695,1
118.895378,35.87753653,1
118.931584,35.46998243,1
115.4590891,38.53731644,1
118.9799089,35.92304007,1
