JGDJ,percent
一级,0.6823143264238624
二级,0.5963095575211653
三级,0.47168453496699775
