JGDJ,percent
一级,0.8983098784077479
二级,0.7274787187561085
三级,0.5997567310282657
