JD,WD,value
116.7670156,30.60366922,1
119.4586262,35.43829808,3
119.5170405,35.53091754,1
117.2007828,34.24453607,1
106.9507598,27.70800021,1
116.2005516,37.43284291,1
120.3880917,36.30814232,1
118.9460049,35.65733871,1
119.2155804,35.7556971,1
