JGDJ,percent
一级,0.0
二级,0.696377750200979
三级,0.5068241993552907
