JGDJ,percent
一级,0.7942625383251565
二级,0.642298202464807
三级,0.6672705087668639
