JD,WD,value
119.4686243,35.431049,1
118.931584,35.46998243,1
