JD,WD,value
116.7670156,30.60366922,1
115.6115866,38.62736949,1
117.1689372,28.2246819,1
