JD,WD,value
116.7670156,30.60366922,1
119.339158,35.17647178,1
119.4586262,35.43829808,1
112.1380499,29.10446695,2
117.2007828,34.24453607,2
113.8643611,36.13099864,1
119.2749927,35.61298018,1
