JGDJ,percent
一级,0.412751677852349
二级,0.0
三级,0.2542707695319394
