JGDJ,percent
一级,0.6486802077251635
二级,0.41052058241404177
三级,0.3885770148412969
