JD,WD,value
112.1380499,29.10446695,1
119.3012309,35.39150145,1
118.895378,35.87753653,1
