JGDJ,percent
一级,0.6852495337679518
二级,0.5159795773206926
三级,0.373350613152487
