JD,WD,value
119.4586262,35.43829808,1
119.3012309,35.39150145,1
115.6151801,38.90127817,1
118.9067767,35.58440415,1
118.9460049,35.65733871,1
