JD,WD,value
118.8435382,35.58587212,1
118.931584,35.46998243,1
118.9460049,35.65733871,1
