JD,WD,value
118.8435382,35.58587212,1
113.8643611,36.13099864,3
119.3319313,35.86638699,1
