JGDJ,percent
一级,0.901067322575777
二级,0.4479824320614878
三级,0.4053941322497528
