JD,WD,value
118.6240406,33.84566739,1
117.2007828,34.24453607,1
115.6151801,38.90127817,1
118.8435382,35.58587212,7
118.8011232,35.52220152,1
113.8643611,36.13099864,1
118.9460049,35.65733871,3
