JD,WD,value
119.4686243,35.431049,1
119.4586262,35.43829808,1
118.8150764,35.8120243,1
119.2749927,35.61298018,1
119.3319313,35.86638699,1
