JGDJ,percent
一级,0.8218084218607873
二级,0.6493749839024013
三级,0.0
