JGDJ,percent
一级,0.0
二级,0.7076554058277743
三级,0.5114992998941303
