JD,WD,value
119.1934703,35.17300822,1
119.4686243,35.431049,1
119.5170405,35.53091754,1
119.2738349,35.51464975,1
118.8011232,35.52220152,1
