JGDJ,percent
一级,0.8148893105393794
二级,0.6466291260513259
三级,0.5653419147224457
