JGDJ,percent
一级,0.7104433723240206
二级,0.6059802109700947
三级,0.5072466592633056
