JD,WD,value
119.2860155,35.13672208,1
119.1934703,35.17300822,1
