JGDJ,percent
一级,0.0
二级,0.6965248130474996
三级,0.4840083000046726
