JD,WD,value
119.2860155,35.13672208,1
112.1380499,29.10446695,1
118.7800798,35.59681379,1
119.2155804,35.7556971,1
