JGDJ,percent
一级,0.0
二级,0.6762126435372844
三级,0.6709621904539398
