JGDJ,percent
一级,0.7178849411137334
二级,0.7638015646087136
三级,0.6927652577939172
