JGDJ,percent
一级,0.8801645835477527
二级,0.7831998864390588
三级,0.6277287760089552
