JD,WD,value
116.7670156,30.60366922,1
119.3599022,35.10417597,1
119.3012309,35.39150145,1
115.6115866,38.62736949,1
118.895378,35.87753653,1
118.9460049,35.65733871,1
119.2155804,35.7556971,1
119.2163458,35.74590734,2
119.4246591,35.73670114,1
