JGDJ,percent
一级,0.8636133526782804
二级,0.6316303214688425
三级,0.4825334416497951
