JD,WD,value
119.5734467,35.57720323,1
119.3599022,35.10417597,1
119.4586262,35.43829808,1
112.9563338,34.92070114,1
115.4590891,38.53731644,1
