JGDJ,percent
一级,0.6834845049130763
二级,0.6189445800893723
三级,0.5027779991162559
