JD,WD,value
116.2979565,35.41008808,1
106.7371863,30.28648256,1
119.4686243,35.431049,1
119.5540672,35.3961023,1
112.1380499,29.10446695,1
119.5301142,35.46771125,2
119.5170405,35.53091754,1
106.9507598,27.70800021,5
115.6115866,38.62736949,1
116.2005516,37.43284291,1
118.8435382,35.58587212,2
113.8643611,36.13099864,1
118.9460049,35.65733871,1
119.2163458,35.74590734,3
119.2749927,35.61298018,1
119.3319313,35.86638699,1
