JD,WD,value
119.2860155,35.13672208,1
119.3866344,35.28446157,1
119.5170405,35.53091754,1
119.2163458,35.74590734,1
