JD,WD,value
116.2979565,35.41008808,1
119.339158,35.17647178,1
119.4586262,35.43829808,1
119.2155804,35.7556971,1
118.9996978,35.80907805,1
119.3319313,35.86638699,1
