JD,WD,value
119.2860155,35.13672208,1
119.5301142,35.46771125,1
118.7800798,35.59681379,1
118.895378,35.87753653,1
118.8435382,35.58587212,3
118.8011232,35.52220152,1
118.9721459,35.9918261,2
119.3319313,35.86638699,1
