JD,WD,value
116.2979565,35.41008808,1
118.6240406,33.84566739,2
118.9721459,35.9918261,1
119.2749927,35.61298018,1
