JD,WD,value
119.268782,35.29195705,1
119.4686243,35.431049,1
106.9507598,27.70800021,1
115.6115866,38.62736949,1
120.3880917,36.30814232,1
118.895378,35.87753653,1
113.8643611,36.13099864,1
119.2155804,35.7556971,2
119.2163458,35.74590734,1
119.2749927,35.61298018,1
111.9018348,22.4752086,1
