JGDJ,percent
一级,0.9537719355717473
二级,0.8550404599056408
三级,0.6449952197504503
