JGDJ,percent
一级,0.0
二级,0.722542207123739
三级,0.5442894031124541
