JD,WD,value
119.339158,35.17647178,3
119.1934703,35.17300822,1
119.4586262,35.43829808,1
119.3012309,35.39150145,1
106.9507598,27.70800021,2
118.8435382,35.58587212,2
115.4590891,38.53731644,1
119.4610803,35.68345171,1
119.3319313,35.86638699,1
