JGDJ,percent
一级,0.0
二级,0.7279394430601356
三级,0.7029581853931357
