JD,WD,value
116.2979565,35.41008808,1
119.5734467,35.57720323,2
116.7670156,30.60366922,1
119.268782,35.29195705,1
119.2860155,35.13672208,1
119.1934703,35.17300822,1
105.9712604,35.34351848,1
119.4586262,35.43829808,1
118.6240406,33.84566739,2
116.2005516,37.43284291,1
119.2155804,35.7556971,1
119.2163458,35.74590734,1
118.9996978,35.80907805,1
119.2749927,35.61298018,1
119.3319313,35.86638699,2
