JGDJ,percent
一级,0.0
二级,0.722671888766202
三级,0.5999534729748576
