JGDJ,percent
一级,0.0
二级,0.6219294925466716
三级,0.4575490296542968
