JGDJ,percent
一级,0.8409991151363732
二级,0.6788028114032886
三级,0.6462762346764381
