JD,WD,value
119.5734467,35.57720323,1
119.1934703,35.17300822,1
119.3866344,35.28446157,1
120.3880917,36.30814232,1
112.9563338,34.92070114,1
