JGDJ,percent
一级,0.0
二级,0.7955015482200991
三级,0.7477952299914067
