JGDJ,percent
一级,0.7088285320011553
二级,0.7235930237427244
三级,0.7080224559853834
