JD,WD,value
119.339158,35.17647178,1
106.9507598,27.70800021,1
118.8435382,35.58587212,1
118.8011232,35.52220152,1
119.3319313,35.86638699,1
