JGDJ,percent
一级,0.0
二级,0.8499614309416572
三级,0.34960230766442635
