JD,WD,value
116.2979565,35.41008808,1
116.7670156,30.60366922,1
105.9712604,35.34351848,1
119.5540672,35.3961023,1
119.2738349,35.51464975,1
119.2155804,35.7556971,1
119.2163458,35.74590734,2
119.2749927,35.61298018,2
