JGDJ,percent
一级,0.0
二级,0.6967527259071419
三级,0.6132664985841847
