JD,WD,value
118.9721459,35.9918261,1
119.2155804,35.7556971,1
