JGDJ,percent
一级,0.895990509635461
二级,0.7160814491240841
三级,0.6250644357458235
