JD,WD,value
118.6240406,33.84566739,1
106.9507598,27.70800021,1
120.3880917,36.30814232,1
115.6151801,38.90127817,2
118.8435382,35.58587212,1
118.9067767,35.58440415,1
119.2155804,35.7556971,1
119.2749927,35.61298018,1
