JD,WD,value
119.5734467,35.57720323,1
106.7371863,30.28648256,1
119.3599022,35.10417597,1
105.9712604,35.34351848,1
119.4686243,35.431049,1
119.4586262,35.43829808,2
119.3866344,35.28446157,1
112.1380499,29.10446695,1
119.5301142,35.46771125,3
119.3012309,35.39150145,1
119.2155804,35.7556971,1
