JGDJ,percent
一级,0.0
二级,0.5877058371883117
三级,0.5080842991709662
