JD,WD,value
106.3741305,31.87138456,1
