JD,WD,value
106.7371863,30.28648256,1
105.9712604,35.34351848,1
119.4586262,35.43829808,1
119.3012309,35.39150145,1
119.2155804,35.7556971,3
119.2749927,35.61298018,3
