JGDJ,percent
一级,0.9226732986096802
二级,0.691811323742159
三级,0.0
