JD,WD,value
116.2979565,35.41008808,1
119.268782,35.29195705,1
119.4686243,35.431049,1
119.3866344,35.28446157,1
112.1380499,29.10446695,1
119.2163458,35.74590734,1
