JGDJ,percent
一级,0.0
二级,0.644902425083694
三级,0.7584411073941014
