JD,WD,value
119.5734467,35.57720323,1
116.7670156,30.60366922,1
119.3599022,35.10417597,1
105.9712604,35.34351848,2
119.4686243,35.431049,1
119.4586262,35.43829808,1
118.7800798,35.59681379,1
