JGDJ,percent
一级,0.0
二级,0.747748585008795
三级,0.5602880361225525
