JGDJ,percent
一级,0.0
二级,0.8244770550714307
三级,0.4909545281090589
