JD,WD,value
119.3599022,35.10417597,1
105.9712604,35.34351848,1
119.3866344,35.28446157,1
119.2738349,35.51464975,1
116.2005516,37.43284291,1
106.3741305,31.87138456,2
112.9563338,34.92070114,1
118.8435382,35.58587212,1
119.2163458,35.74590734,1
119.3319313,35.86638699,1
119.4246591,35.73670114,1
