JGDJ,percent
一级,0.0
二级,0.6966137833227578
三级,0.4904314271197609
