JD,WD,value
119.339158,35.17647178,1
119.3599022,35.10417597,1
105.9712604,35.34351848,1
119.4686243,35.431049,1
108.4963313,30.77400589,1
119.2163458,35.74590734,1
