JD,WD,value
116.2979565,35.41008808,1
118.9893251,35.40548657,1
106.7371863,30.28648256,1
119.339158,35.17647178,3
119.3599022,35.10417597,1
119.5540672,35.3961023,1
119.3866344,35.28446157,1
119.5301142,35.46771125,2
119.3012309,35.39150145,2
118.6240406,33.84566739,1
106.9507598,27.70800021,6
118.7800798,35.59681379,1
118.895378,35.87753653,1
119.2163458,35.74590734,1
118.9996978,35.80907805,2
