JGDJ,percent
一级,0.0
二级,0.45193597194044216
三级,0.45077865435679504
