JGDJ,percent
一级,0.0
二级,0.5770304973118867
三级,0.5772370103720724
