JGDJ,percent
一级,0.0
二级,0.6936355975943344
三级,0.7816000296879723
