JD,WD,value
116.2005516,37.43284291,5
120.3880917,36.30814232,1
115.6151801,38.90127817,1
118.8435382,35.58587212,6
118.8011232,35.52220152,8
113.8643611,36.13099864,46
118.931584,35.46998243,6
115.4590891,38.53731644,1
119.2749927,35.61298018,4
