JGDJ,percent
一级,0.7705268683157273
二级,0.6868971650450735
三级,0.617921106491625
