JD,WD,value
119.5301142,35.46771125,1
116.2005516,37.43284291,1
120.3880917,36.30814232,1
118.9067767,35.58440415,1
