JGDJ,percent
一级,0.0
二级,0.46436327739387956
三级,0.9067830366655915
