JD,WD,value
119.5734467,35.57720323,1
118.8150764,35.8120243,1
