JGDJ,percent
一级,0.9847842155660457
二级,0.4896077625460378
三级,0.0
