JD,WD,value
115.6115866,38.62736949,1
106.3741305,31.87138456,1
