JGDJ,percent
一级,0.6778919539868128
二级,0.0
三级,0.4571817078421234
