JD,WD,value
119.2163458,35.74590734,1
119.1056767,35.91554883,1
