JD,WD,value
118.8435382,35.58587212,1
119.2163458,35.74590734,1
119.2749927,35.61298018,1
