JD,WD,value
119.3866344,35.28446157,1
106.9507598,27.70800021,1
