JD,WD,value
105.9712604,35.34351848,1
106.9507598,27.70800021,1
