JD,WD,value
119.4586262,35.43829808,2
118.9460049,35.65733871,1
