JD,WD,value
118.9893251,35.40548657,1
106.7371863,30.28648256,1
119.4686243,35.431049,1
119.5540672,35.3961023,1
119.5301142,35.46771125,1
119.3012309,35.39150145,1
118.6240406,33.84566739,1
119.2738349,35.51464975,1
118.7800798,35.59681379,1
118.8150764,35.8120243,1
118.8435382,35.58587212,4
117.1689372,28.2246819,1
118.9460049,35.65733871,1
118.9799089,35.92304007,1
119.2155804,35.7556971,1
118.9996978,35.80907805,1
119.3319313,35.86638699,1
