JD,WD,value
118.9893251,35.40548657,1
119.1934703,35.17300822,1
119.3599022,35.10417597,1
119.5301142,35.46771125,1
117.2007828,34.24453607,2
106.9507598,27.70800021,1
115.6115866,38.62736949,1
115.6151801,38.90127817,1
118.8011232,35.52220152,1
118.9460049,35.65733871,2
119.2155804,35.7556971,3
111.9018348,22.4752086,1
