JD,WD,value
119.5734467,35.57720323,1
119.4686243,35.431049,1
119.3866344,35.28446157,2
119.3012309,35.39150145,2
117.2007828,34.24453607,1
118.7800798,35.59681379,3
120.3880917,36.30814232,1
118.895378,35.87753653,2
115.6151801,38.90127817,2
118.8435382,35.58587212,2
118.931584,35.46998243,3
119.2155804,35.7556971,9
119.4246591,35.73670114,3
