JGDJ,percent
一级,0.6604115675941711
二级,0.8328719200396653
三级,0.621916001453935
