JGDJ,percent
一级,0.5461640565806639
二级,0.8667759228644872
三级,0.48512005714070977
