JGDJ,percent
一级,0.854550415174613
二级,0.7405918175659345
三级,0.5909963077202807
