JGDJ,percent
一级,0.8965201610498549
二级,0.5863401956981138
三级,0.7196667517801529
