JGDJ,percent
一级,0.0
二级,0.8336382329685289
三级,0.4828631752734431
