JD,WD,value
119.4586262,35.43829808,1
118.6240406,33.84566739,1
119.2155804,35.7556971,3
119.2163458,35.74590734,15
119.2749927,35.61298018,1
