JGDJ,percent
一级,0.9446822933807986
二级,0.8289989507307588
三级,0.4582515776036663
