JD,WD,value
119.4586262,35.43829808,1
119.2738349,35.51464975,1
118.931584,35.46998243,1
