JGDJ,percent
一级,0.8396635552475419
二级,0.0
三级,0.4782951643165048
