JD,WD,value
106.9507598,27.70800021,1
119.2163458,35.74590734,2
111.9018348,22.4752086,1
