JD,WD,value
118.6240406,33.84566739,2
118.8435382,35.58587212,1
113.8643611,36.13099864,1
118.9799089,35.92304007,1
119.2155804,35.7556971,3
118.9996978,35.80907805,2
