JGDJ,percent
一级,0.8721935028117922
二级,0.6832863567806616
三级,0.5426389986199978
