JD,WD,value
119.2155804,35.7556971,1
119.1056767,35.91554883,1
