JGDJ,percent
一级,0.0
二级,0.563350549412458
三级,0.470579949608462
