JD,WD,value
116.7670156,30.60366922,1
119.4686243,35.431049,2
119.4586262,35.43829808,1
118.7800798,35.59681379,1
119.2163458,35.74590734,2
