JD,WD,value
119.5734467,35.57720323,1
105.9712604,35.34351848,1
