JD,WD,value
118.931584,35.46998243,2
119.2749927,35.61298018,1
