JD,WD,value
118.7800798,35.59681379,1
116.2005516,37.43284291,1
118.8435382,35.58587212,1
