JGDJ,percent
一级,0.5910434258142341
二级,0.0
三级,0.4600366452933585
