JD,WD,value
118.8435382,35.58587212,3
