JD,WD,value
118.9460049,35.65733871,1
118.9996978,35.80907805,1
