JD,WD,value
116.7670156,30.60366922,1
119.3012309,35.39150145,1
115.6115866,38.62736949,1
118.895378,35.87753653,1
118.9721459,35.9918261,1
118.9996978,35.80907805,1
