JD,WD,value
116.2979565,35.41008808,1
119.5734467,35.57720323,1
119.339158,35.17647178,1
119.3599022,35.10417597,1
119.3012309,35.39150145,1
115.6115866,38.62736949,1
115.4590891,38.53731644,1
