JGDJ,percent
一级,0.9403079551767409
二级,0.0
三级,0.7725949450514455
