JGDJ,percent
一级,0.9479753791005354
二级,0.5306998360935484
三级,0.7021520509567607
