JD,WD,value
115.6151801,38.90127817,2
118.8150764,35.8120243,1
118.8435382,35.58587212,1
