JD,WD,value
116.2005516,37.43284291,1
118.895378,35.87753653,1
115.6151801,38.90127817,2
118.8435382,35.58587212,2
118.9799089,35.92304007,1
