JGDJ,percent
一级,0.8227967842104553
二级,0.705553401882783
三级,0.5854942690334546
