JGDJ,percent
一级,0.9019458593671087
二级,0.7906987009945852
三级,0.6999017528379435
