JGDJ,percent
一级,0.8744903112348025
二级,0.7114161146663672
三级,0.5735286658664007
