JD,WD,value
119.268782,35.29195705,1
119.2860155,35.13672208,1
119.3599022,35.10417597,1
119.4586262,35.43829808,1
119.3866344,35.28446157,1
112.1380499,29.10446695,1
119.5301142,35.46771125,1
119.2738349,35.51464975,1
106.9507598,27.70800021,1
118.8435382,35.58587212,1
118.9067767,35.58440415,1
119.3319313,35.86638699,1
