JD,WD,value
116.7670156,30.60366922,2
119.268782,35.29195705,2
118.9893251,35.40548657,1
119.2860155,35.13672208,1
119.339158,35.17647178,1
119.1934703,35.17300822,1
119.3599022,35.10417597,1
119.4586262,35.43829808,1
119.3866344,35.28446157,1
119.5301142,35.46771125,1
119.2163458,35.74590734,1
111.9018348,22.4752086,1
