JD,WD,value
118.9893251,35.40548657,1
118.7800798,35.59681379,1
118.8435382,35.58587212,2
117.1689372,28.2246819,1
