JGDJ,percent
一级,0.8390488897067844
二级,0.0
三级,0.8665658250097021
