JGDJ,percent
一级,0.0
二级,0.7015803540134197
三级,0.7468992244857806
