JD,WD,value
119.268782,35.29195705,3
106.7371863,30.28648256,1
119.3599022,35.10417597,1
118.7800798,35.59681379,2
115.6151801,38.90127817,2
118.8150764,35.8120243,2
118.8435382,35.58587212,4
118.9067767,35.58440415,1
118.9460049,35.65733871,4
118.9721459,35.9918261,4
118.9799089,35.92304007,1
