JD,WD,value
116.2005516,37.43284291,8
115.6151801,38.90127817,2
118.8435382,35.58587212,8
117.1689372,28.2246819,1
115.4590891,38.53731644,4
119.2155804,35.7556971,1
