JGDJ,percent
一级,0.0
二级,0.12631578947368421
三级,0.04424778761061947
