JGDJ,percent
一级,0.9431212838655868
二级,0.9197417498787364
三级,0.736056601243822
