JGDJ,percent
一级,0.0
二级,0.6746153939386703
三级,0.5860316421601414
