JGDJ,percent
一级,0.907196163317858
二级,0.6472544338335606
三级,0.6000506719726302
