JGDJ,percent
一级,0.7052123577544094
二级,0.5730437168237237
三级,0.5052820292163375
