JGDJ,percent
一级,0.0
二级,0.48598488930397404
三级,0.4594760961253244
