JGDJ,percent
一级,0.8024334577019018
二级,0.6992542728739487
三级,0.542588999416044
