JD,WD,value
118.9893251,35.40548657,1
119.2860155,35.13672208,2
119.339158,35.17647178,2
115.6115866,38.62736949,1
118.8435382,35.58587212,1
118.9799089,35.92304007,1
119.2155804,35.7556971,1
