JD,WD,value
119.4586262,35.43829808,1
