JD,WD,value
116.2005516,37.43284291,2
118.8150764,35.8120243,3
118.8435382,35.58587212,5
118.8011232,35.52220152,1
118.7692124,35.77904003,1
118.9996978,35.80907805,1
