JD,WD,value
119.5734467,35.57720323,1
119.268782,35.29195705,1
119.2860155,35.13672208,2
119.3599022,35.10417597,1
119.4586262,35.43829808,1
119.3866344,35.28446157,2
119.5301142,35.46771125,2
119.5170405,35.53091754,1
118.8435382,35.58587212,1
115.4590891,38.53731644,1
119.2155804,35.7556971,3
118.9996978,35.80907805,1
119.1292477,35.78829172,1
