JD,WD,value
118.9893251,35.40548657,1
105.9712604,35.34351848,1
119.3866344,35.28446157,1
118.6240406,33.84566739,2
115.6115866,38.62736949,1
118.9067767,35.58440415,1
118.9460049,35.65733871,1
118.9996978,35.80907805,1
