JGDJ,percent
一级,0.0
二级,0.6508737814374539
三级,0.6412287773270675
