JGDJ,percent
一级,0.8500024969944711
二级,0.7807420619700688
三级,0.7318076460947526
