JGDJ,percent
一级,0.9483967066219416
二级,0.6625027110615477
三级,0.589841958242638
