JD,WD,value
119.5734467,35.57720323,1
106.7371863,30.28648256,1
119.3599022,35.10417597,1
119.4686243,35.431049,1
119.3866344,35.28446157,2
119.3012309,35.39150145,1
118.6240406,33.84566739,2
116.2005516,37.43284291,1
118.8435382,35.58587212,1
113.8643611,36.13099864,1
119.2155804,35.7556971,1
119.2163458,35.74590734,1
118.9996978,35.80907805,1
119.3319313,35.86638699,1
