JD,WD,value
119.2860155,35.13672208,1
115.6151801,38.90127817,1
119.2163458,35.74590734,1
