JD,WD,value
118.9893251,35.40548657,1
118.9460049,35.65733871,1
