JGDJ,percent
一级,0.0
二级,0.8024537754398778
三级,0.6317435141530026
