JGDJ,percent
一级,0.7475334082677657
二级,0.0
三级,0.5241064739432784
