JD,WD,value
118.8011232,35.52220152,1
119.1461076,35.65612567,1
