JGDJ,percent
一级,0.8652947853553196
二级,0.7681022195072288
三级,0.6397256040976389
