JD,WD,value
116.7670156,30.60366922,1
119.2163458,35.74590734,1
