JGDJ,percent
一级,0.0
二级,0.7036439771262927
三级,0.4983757795955479
