JD,WD,value
119.3599022,35.10417597,1
119.5170405,35.53091754,1
119.2749927,35.61298018,1
