JD,WD,value
118.9893251,35.40548657,2
115.6115866,38.62736949,1
120.3880917,36.30814232,1
115.6151801,38.90127817,1
106.3741305,31.87138456,2
108.4963313,30.77400589,1
112.9563338,34.92070114,1
118.9460049,35.65733871,1
