JGDJ,percent
一级,0.5564909828196265
二级,0.5045496018786739
三级,0.5686321132423915
