JGDJ,percent
一级,0.0
二级,0.6573879451438729
三级,0.47241332219544163
