JD,WD,value
119.4586262,35.43829808,3
119.5301142,35.46771125,1
115.6115866,38.62736949,1
115.6151801,38.90127817,1
119.2155804,35.7556971,1
