JD,WD,value
116.7670156,30.60366922,1
106.7371863,30.28648256,1
119.2163458,35.74590734,1
118.9996978,35.80907805,1
119.3319313,35.86638699,1
