JD,WD,value
119.268782,35.29195705,1
119.3599022,35.10417597,1
106.9507598,27.70800021,2
115.6151801,38.90127817,1
106.3741305,31.87138456,1
