JGDJ,percent
一级,0.742212261269797
二级,0.6684668780491755
三级,0.5209323665304219
