JGDJ,percent
一级,0.8132542518756898
二级,0.0
三级,0.5268939872181039
