JGDJ,percent
一级,0.956252773616195
二级,0.0
三级,0.6049472919940814
