JD,WD,value
119.3599022,35.10417597,2
106.9507598,27.70800021,1
118.7800798,35.59681379,2
116.2005516,37.43284291,1
115.6151801,38.90127817,1
118.8435382,35.58587212,1
119.2163458,35.74590734,1
111.9018348,22.4752086,1
