JGDJ,percent
一级,0.845738162173387
二级,0.7097880164913307
三级,0.7949106738468915
