JD,WD,value
112.1380499,29.10446695,1
119.4246591,35.73670114,1
