JD,WD,value
112.1380499,29.10446695,1
112.9563338,34.92070114,1
118.8435382,35.58587212,4
113.8643611,36.13099864,1
119.1292477,35.78829172,1
