JGDJ,percent
一级,0.0
二级,0.6244446515282787
三级,0.8385985738260896
