JGDJ,percent
一级,0.45592163846838824
二级,0.6236480585085072
三级,0.0
