JGDJ,percent
一级,0.7707607550335779
二级,0.7001591504154779
三级,0.5604739106350746
