JGDJ,percent
一级,0.7513420023442893
二级,0.6806537556967175
三级,0.6024499149831096
