JD,WD,value
116.2005516,37.43284291,2
118.895378,35.87753653,1
118.8435382,35.58587212,1
113.8643611,36.13099864,1
118.931584,35.46998243,3
115.4590891,38.53731644,1
119.2749927,35.61298018,1
119.1056767,35.91554883,1
