JD,WD,value
119.3866344,35.28446157,1
119.2163458,35.74590734,1
