JGDJ,percent
一级,0.9380474648354437
二级,0.7010186163221771
三级,0.5628283226845152
