JD,WD,value
105.9712604,35.34351848,1
119.4686243,35.431049,2
