JGDJ,percent
一级,0.9486191899695229
二级,0.5998303591231425
三级,0.6021533538012338
