JGDJ,percent
一级,0.8627263149572422
二级,0.6039388914308376
三级,0.5122900826080637
