JD,WD,value
106.7371863,30.28648256,1
118.6240406,33.84566739,1
115.6115866,38.62736949,2
115.6151801,38.90127817,1
106.3741305,31.87138456,2
118.8011232,35.52220152,1
115.4590891,38.53731644,1
118.9460049,35.65733871,1
118.9996978,35.80907805,1
