JGDJ,percent
一级,0.6653966127643287
二级,0.6668964990028641
三级,0.6358964974411336
