JD,WD,value
116.7670156,30.60366922,1
115.4590891,38.53731644,1
119.3319313,35.86638699,1
