JD,WD,value
118.8435382,35.58587212,1
113.8643611,36.13099864,2
118.9460049,35.65733871,1
119.2163458,35.74590734,1
