JGDJ,percent
一级,0.0
二级,0.768130060728745
三级,0.7324772265386927
