JD,WD,value
119.268782,35.29195705,1
105.9712604,35.34351848,1
119.3866344,35.28446157,3
118.8011232,35.52220152,1
118.931584,35.46998243,1
