JGDJ,percent
一级,0.0
二级,0.717442783005208
三级,0.6650417233576201
