JD,WD,value
118.9893251,35.40548657,4
119.3866344,35.28446157,1
118.7800798,35.59681379,1
118.895378,35.87753653,4
106.3741305,31.87138456,2
118.8150764,35.8120243,1
108.4963313,30.77400589,3
112.9563338,34.92070114,1
118.8435382,35.58587212,6
118.8011232,35.52220152,2
113.8643611,36.13099864,1
118.9067767,35.58440415,2
117.1689372,28.2246819,1
115.4590891,38.53731644,2
118.9460049,35.65733871,1
118.9721459,35.9918261,1
