JD,WD,value
118.9893251,35.40548657,1
108.4963313,30.77400589,1
112.9563338,34.92070114,1
113.8643611,36.13099864,1
118.9067767,35.58440415,1
