JD,WD,value
116.2005516,37.43284291,1
