JD,WD,value
119.2860155,35.13672208,1
115.6115866,38.62736949,1
118.8435382,35.58587212,1
