JD,WD,value
119.1934703,35.17300822,1
105.9712604,35.34351848,2
119.4686243,35.431049,1
119.4586262,35.43829808,3
119.5540672,35.3961023,1
119.5301142,35.46771125,6
119.3012309,35.39150145,2
118.9460049,35.65733871,1
119.2163458,35.74590734,1
