JD,WD,value
105.9712604,35.34351848,2
119.4586262,35.43829808,1
119.3012309,35.39150145,1
106.9507598,27.70800021,2
118.895378,35.87753653,1
