JD,WD,value
117.2007828,34.24453607,1
116.2005516,37.43284291,1
108.4963313,30.77400589,1
