JD,WD,value
116.7670156,30.60366922,1
106.9507598,27.70800021,1
