JD,WD,value
116.2005516,37.43284291,1
112.9563338,34.92070114,14
118.8435382,35.58587212,5
115.4590891,38.53731644,1
