JGDJ,percent
一级,0.9252823392745444
二级,0.5822925078862292
三级,0.5090023904931567
