JD,WD,value
119.5734467,35.57720323,1
119.339158,35.17647178,1
119.3599022,35.10417597,1
112.1380499,29.10446695,1
115.6115866,38.62736949,1
106.3741305,31.87138456,1
119.2163458,35.74590734,1
