JD,WD,value
119.2860155,35.13672208,1
119.1934703,35.17300822,1
118.6240406,33.84566739,2
118.8435382,35.58587212,1
118.8011232,35.52220152,2
113.8643611,36.13099864,1
118.931584,35.46998243,1
115.4590891,38.53731644,1
118.9996978,35.80907805,1
111.9018348,22.4752086,1
