JGDJ,percent
一级,0.7828634437548637
二级,0.7127890782101627
三级,0.680305646682678
