JGDJ,percent
一级,0.0
二级,0.9109239187430215
三级,0.4217312986936911
