JGDJ,percent
一级,0.0
二级,0.06896551724137931
三级,0.061946902654867256
