JGDJ,percent
一级,0.0
二级,0.710250649151557
三级,0.702254778463999
