JGDJ,percent
一级,0.0
二级,0.6624720646870433
三级,0.5081331834909634
