JGDJ,percent
一级,0.0
二级,0.6406329917499258
三级,0.5399653615694
