JD,WD,value
119.3599022,35.10417597,1
119.2155804,35.7556971,1
