JGDJ,percent
一级,0.8717068621183304
二级,0.600898424717895
三级,0.5684494583996423
