JGDJ,percent
一级,0.0
二级,0.7364608709824143
三级,0.7748307397126704
