JGDJ,percent
一级,0.7113795919576735
二级,0.5170105695161474
三级,0.0
