JGDJ,percent
一级,0.7914837978131789
二级,0.622466733769254
三级,0.0
