JD,WD,value
119.4686243,35.431049,1
118.6240406,33.84566739,1
106.9507598,27.70800021,1
118.8011232,35.52220152,3
118.9067767,35.58440415,1
118.931584,35.46998243,2
118.9460049,35.65733871,2
119.2155804,35.7556971,3
119.2163458,35.74590734,8
119.1461076,35.65612567,1
