JGDJ,percent
一级,0.7698469646295734
二级,0.7843611986788349
三级,0.5983413279162734
