JD,WD,value
119.339158,35.17647178,1
119.3599022,35.10417597,1
105.9712604,35.34351848,1
120.3880917,36.30814232,1
118.8011232,35.52220152,1
118.931584,35.46998243,1
118.9996978,35.80907805,1
