JGDJ,percent
一级,0.7717591486672882
二级,0.6497439745984449
三级,0.6631877576689261
