JD,WD,value
119.2860155,35.13672208,1
119.339158,35.17647178,1
112.9563338,34.92070114,1
