JGDJ,percent
一级,0.7776861385446618
二级,0.6000957411365132
三级,0.6088339788709807
