JD,WD,value
119.3599022,35.10417597,1
119.4686243,35.431049,1
106.9507598,27.70800021,1
