JD,WD,value
119.268782,35.29195705,2
119.2860155,35.13672208,1
119.5301142,35.46771125,1
115.6115866,38.62736949,1
118.9460049,35.65733871,1
118.9721459,35.9918261,2
119.2155804,35.7556971,2
