JGDJ,percent
一级,0.0
二级,0.3266321897515909
三级,0.42442251461295905
