JD,WD,value
119.268782,35.29195705,1
115.6151801,38.90127817,1
119.2749927,35.61298018,1
