JGDJ,percent
一级,0.7388371604508034
二级,0.8282657486498262
三级,0.5703773672056525
