JGDJ,percent
一级,0.8637676229675558
二级,0.5803840428461106
三级,0.4959941503755546
