JD,WD,value
119.268782,35.29195705,1
119.339158,35.17647178,1
119.3866344,35.28446157,1
119.3012309,35.39150145,3
115.6115866,38.62736949,1
118.8150764,35.8120243,1
118.8435382,35.58587212,2
119.2155804,35.7556971,4
119.2163458,35.74590734,1
118.9996978,35.80907805,1
119.2749927,35.61298018,1
119.4610803,35.68345171,1
111.9018348,22.4752086,1
