JGDJ,percent
一级,0.9454692542309864
二级,0.6994155757248297
三级,0.6785274609832016
