JD,WD,value
116.2979565,35.41008808,1
106.7371863,30.28648256,1
119.1934703,35.17300822,1
105.9712604,35.34351848,1
119.4586262,35.43829808,1
119.5540672,35.3961023,1
112.1380499,29.10446695,1
119.5301142,35.46771125,1
106.9507598,27.70800021,2
108.4963313,30.77400589,1
118.8435382,35.58587212,1
118.8011232,35.52220152,1
117.1689372,28.2246819,1
118.9460049,35.65733871,1
119.2155804,35.7556971,2
119.2163458,35.74590734,1
118.9996978,35.80907805,1
119.1056767,35.91554883,1
