JD,WD,value
119.339158,35.17647178,1
118.6240406,33.84566739,1
117.1689372,28.2246819,1
