JGDJ,percent
一级,0.0
二级,0.6612705397638569
三级,0.5420079763027685
