JD,WD,value
118.8435382,35.58587212,2
113.8643611,36.13099864,5
119.2163458,35.74590734,8
119.2749927,35.61298018,7
