JGDJ,percent
一级,0.0
二级,0.6385614808621997
三级,0.4515071530841491
