JGDJ,percent
一级,0.9376110534163923
二级,0.6675083357437231
三级,0.5868966385046457
