JGDJ,percent
一级,0.9558659284396023
二级,0.7126887346753761
三级,0.5262099599304535
