JD,WD,value
116.2979565,35.41008808,2
119.2738349,35.51464975,1
