JD,WD,value
119.268782,35.29195705,2
119.339158,35.17647178,1
119.4586262,35.43829808,1
119.3866344,35.28446157,1
119.5301142,35.46771125,1
106.9507598,27.70800021,2
118.9996978,35.80907805,1
119.2749927,35.61298018,1
