JGDJ,percent
一级,0.828606898135534
二级,0.6622849924623799
三级,0.6116180401597787
