JGDJ,percent
一级,0.8310996875118102
二级,0.6846075221231105
三级,0.5567718123508174
