JD,WD,value
119.268782,35.29195705,1
119.339158,35.17647178,1
119.3866344,35.28446157,1
119.5170405,35.53091754,1
119.2155804,35.7556971,1
119.2163458,35.74590734,1
118.9996978,35.80907805,1
119.2749927,35.61298018,1
