JGDJ,percent
一级,0.0
二级,0.8366432027770102
三级,0.5815380257663147
