JGDJ,percent
一级,0.0
二级,0.750472091267731
三级,0.5054950092421441
