JGDJ,percent
一级,0.8553863929461331
二级,0.6781673348450677
三级,0.0
