JD,WD,value
119.268782,35.29195705,1
118.9996978,35.80907805,1
