JD,WD,value
116.2979565,35.41008808,1
119.5734467,35.57720323,1
119.268782,35.29195705,3
119.3866344,35.28446157,2
119.5170405,35.53091754,4
118.7800798,35.59681379,1
120.3880917,36.30814232,1
118.8011232,35.52220152,1
119.2155804,35.7556971,1
118.9996978,35.80907805,2
