JGDJ,percent
一级,0.0
二级,0.7784162039938455
三级,0.6223317031217395
