JD,WD,value
106.7371863,30.28648256,1
119.4686243,35.431049,1
106.9507598,27.70800021,1
119.2163458,35.74590734,1
