JGDJ,percent
一级,0.0
二级,0.7786778411137079
三级,0.5930047415149523
