JGDJ,percent
一级,0.0
二级,0.708113995957002
三级,0.4798761574070246
