JD,WD,value
119.4686243,35.431049,1
115.6115866,38.62736949,2
118.9067767,35.58440415,1
119.2155804,35.7556971,1
119.2163458,35.74590734,2
