JD,WD,value
119.5734467,35.57720323,1
119.268782,35.29195705,1
118.9893251,35.40548657,1
119.339158,35.17647178,1
119.3866344,35.28446157,1
118.6240406,33.84566739,1
116.2005516,37.43284291,1
112.9563338,34.92070114,2
118.8435382,35.58587212,3
118.9460049,35.65733871,1
119.2155804,35.7556971,4
119.2163458,35.74590734,1
118.9996978,35.80907805,1
119.2749927,35.61298018,1
119.1056767,35.91554883,1
