JGDJ,percent
一级,0.9233786494316917
二级,0.7750552560229984
三级,0.5916604583843439
