JD,WD,value
115.6115866,38.62736949,1
