JD,WD,value
119.5540672,35.3961023,1
