JGDJ,percent
一级,0.0
二级,0.7593907123046794
三级,0.6392662737969593
