JD,WD,value
118.9893251,35.40548657,1
119.3012309,35.39150145,1
115.6115866,38.62736949,1
120.3880917,36.30814232,1
106.3741305,31.87138456,1
118.9067767,35.58440415,1
118.931584,35.46998243,1
118.7692124,35.77904003,1
119.2155804,35.7556971,1
119.2163458,35.74590734,1
118.9996978,35.80907805,1
