JGDJ,percent
一级,0.6371941532607247
二级,0.6505293080818477
三级,0.5722784952599682
