JGDJ,percent
一级,0.0
二级,0.7484823362088064
三级,0.5946682001493481
