JD,WD,value
118.9893251,35.40548657,1
119.339158,35.17647178,1
119.3599022,35.10417597,1
118.8435382,35.58587212,1
118.9460049,35.65733871,1
119.2163458,35.74590734,1
119.4246591,35.73670114,1
