JGDJ,percent
一级,0.8877049039740418
二级,0.6553007927165067
三级,0.0
