JGDJ,percent
一级,0.6563284720489649
二级,0.0
三级,0.8821232272557197
