JGDJ,percent
一级,0.578370871459451
二级,0.6691484527799912
三级,0.5473471542555702
