JD,WD,value
119.4586262,35.43829808,1
118.6240406,33.84566739,1
119.4246591,35.73670114,1
