JD,WD,value
119.339158,35.17647178,3
105.9712604,35.34351848,2
119.3866344,35.28446157,1
118.6240406,33.84566739,2
117.2007828,34.24453607,1
106.9507598,27.70800021,1
115.6115866,38.62736949,1
120.3880917,36.30814232,1
118.895378,35.87753653,3
106.3741305,31.87138456,1
108.4963313,30.77400589,1
118.931584,35.46998243,2
118.9799089,35.92304007,1
119.2163458,35.74590734,1
