JD,WD,value
119.4686243,35.431049,1
106.9507598,27.70800021,1
118.8435382,35.58587212,1
118.8011232,35.52220152,1
118.9460049,35.65733871,1
118.9996978,35.80907805,1
