JD,WD,value
119.339158,35.17647178,1
119.3599022,35.10417597,2
119.3012309,35.39150145,1
117.2007828,34.24453607,1
119.2155804,35.7556971,1
119.2163458,35.74590734,1
118.9996978,35.80907805,1
119.2749927,35.61298018,1
119.4246591,35.73670114,1
119.1056767,35.91554883,1
