JGDJ,percent
一级,0.6915416742007613
二级,0.6777697548872327
三级,0.4581157938789372
