JD,WD,value
106.7371863,30.28648256,1
119.2749927,35.61298018,1
