JD,WD,value
119.5734467,35.57720323,1
105.9712604,35.34351848,1
106.9507598,27.70800021,1
118.931584,35.46998243,1
118.9799089,35.92304007,1
