JGDJ,percent
一级,0.0
二级,0.6887593492022178
三级,0.7263626555472127
