JGDJ,percent
一级,0.0
二级,0.66010249757709
三级,0.7441190444284723
