JGDJ,percent
一级,0.0
二级,0.6946183455036946
三级,0.5914335135978295
