JD,WD,value
116.7670156,30.60366922,1
119.268782,35.29195705,1
119.5540672,35.3961023,1
106.9507598,27.70800021,1
118.8011232,35.52220152,1
119.2749927,35.61298018,1
