JD,WD,value
119.5734467,35.57720323,1
119.2860155,35.13672208,1
119.3599022,35.10417597,1
120.3880917,36.30814232,1
118.8435382,35.58587212,1
119.2155804,35.7556971,1
119.2749927,35.61298018,1
