JD,WD,value
118.7800798,35.59681379,1
118.9460049,35.65733871,1
