JGDJ,percent
一级,0.7931198327473153
二级,0.0
三级,0.4970408301627942
