JD,WD,value
116.7670156,30.60366922,1
118.895378,35.87753653,1
