JGDJ,percent
一级,0.0
二级,0.5651491860509904
三级,0.46820946317892054
