JGDJ,percent
一级,0.0
二级,0.21306153994783114
三级,0.2004668941279085
