JD,WD,value
115.6115866,38.62736949,1
120.3880917,36.30814232,1
112.9563338,34.92070114,1
115.4590891,38.53731644,1
118.9460049,35.65733871,2
119.3319313,35.86638699,1
