JD,WD,value
116.7670156,30.60366922,1
