JD,WD,value
119.3866344,35.28446157,2
