JGDJ,percent
一级,0.0
二级,0.5500783981996084
三级,0.6260648909332027
