JD,WD,value
116.2979565,35.41008808,2
119.5734467,35.57720323,1
116.7670156,30.60366922,1
119.1934703,35.17300822,1
