JD,WD,value
119.339158,35.17647178,2
115.6151801,38.90127817,1
117.1689372,28.2246819,1
118.931584,35.46998243,3
