JGDJ,percent
一级,0.0
二级,0.7823781946767739
三级,0.7043677989657744
