JD,WD,value
116.5273454,30.66495721,1
119.5734467,35.57720323,1
116.7670156,30.60366922,1
119.268782,35.29195705,1
119.2860155,35.13672208,3
106.7371863,30.28648256,3
119.1934703,35.17300822,1
105.9712604,35.34351848,2
119.4686243,35.431049,1
119.3866344,35.28446157,1
117.2007828,34.24453607,1
120.3880917,36.30814232,1
117.1689372,28.2246819,1
118.931584,35.46998243,1
118.9721459,35.9918261,1
119.2155804,35.7556971,3
119.2163458,35.74590734,3
118.9996978,35.80907805,1
