JGDJ,percent
一级,0.0
二级,0.6033970515305893
三级,0.6423750014842211
