JD,WD,value
119.5734467,35.57720323,1
119.268782,35.29195705,1
119.3866344,35.28446157,2
118.9460049,35.65733871,1
118.9721459,35.9918261,1
118.9996978,35.80907805,1
