JGDJ,percent
一级,0.0
二级,0.6964930862558515
三级,0.4677095580019239
