JD,WD,value
119.339158,35.17647178,1
116.2005516,37.43284291,1
118.8435382,35.58587212,1
118.8011232,35.52220152,1
113.8643611,36.13099864,1
118.9460049,35.65733871,2
118.9996978,35.80907805,1
