JGDJ,percent
一级,0.0
二级,0.7280819108136263
三级,0.6819289884680936
