JGDJ,percent
一级,0.0
二级,0.687840865614941
三级,0.7211226600179269
