JD,WD,value
116.2979565,35.41008808,1
119.5301142,35.46771125,1
119.3012309,35.39150145,1
119.2738349,35.51464975,1
120.3880917,36.30814232,1
115.6151801,38.90127817,1
113.8643611,36.13099864,1
