JD,WD,value
112.1380499,29.10446695,1
119.5301142,35.46771125,1
106.9507598,27.70800021,1
119.2155804,35.7556971,1
