JGDJ,percent
一级,0.0
二级,0.7136142334111995
三级,0.45282098743459226
