JGDJ,percent
一级,0.6488498023819771
二级,0.8326506813322871
三级,0.0
