JGDJ,percent
一级,0.7767439545411523
二级,0.6647172738451653
三级,0.47088928149011033
