JD,WD,value
106.7371863,30.28648256,1
119.339158,35.17647178,1
105.9712604,35.34351848,1
119.4686243,35.431049,1
119.4586262,35.43829808,5
119.3866344,35.28446157,1
112.1380499,29.10446695,2
119.3012309,35.39150145,1
118.6240406,33.84566739,2
117.2007828,34.24453607,1
118.7800798,35.59681379,1
120.3880917,36.30814232,1
115.6151801,38.90127817,1
118.8435382,35.58587212,2
118.931584,35.46998243,1
118.9460049,35.65733871,1
118.7692124,35.77904003,1
119.2163458,35.74590734,2
