JGDJ,percent
一级,0.8205321812061325
二级,0.6515527784322985
三级,0.6688049469898394
