JD,WD,value
118.895378,35.87753653,1
118.9067767,35.58440415,1
115.4590891,38.53731644,1
