JGDJ,percent
一级,0.9074313761318877
二级,0.0
三级,0.476967587680206
