JGDJ,percent
一级,0.0
二级,0.7384809823036568
三级,0.5040792317209507
