JD,WD,value
119.4586262,35.43829808,2
118.6240406,33.84566739,1
113.8643611,36.13099864,1
