JGDJ,percent
一级,0.886460138189415
二级,0.6590197685053688
三级,0.48400081288063773
