JD,WD,value
118.9893251,35.40548657,1
108.4963313,30.77400589,1
