JD,WD,value
118.9893251,35.40548657,1
119.2860155,35.13672208,1
119.1934703,35.17300822,1
105.9712604,35.34351848,1
119.5170405,35.53091754,1
118.8435382,35.58587212,1
119.2155804,35.7556971,1
119.2163458,35.74590734,1
119.3319313,35.86638699,2
119.3964308,35.50585644,1
