JGDJ,percent
一级,0.8395228228829006
二级,0.6615019855285516
三级,0.4826154048197518
