JGDJ,percent
一级,0.0
二级,0.5950228192542839
三级,0.4968822577919413
