JD,WD,value
116.7670156,30.60366922,2
119.268782,35.29195705,2
119.5540672,35.3961023,1
119.4686243,35.431049,1
116.2005516,37.43284291,5
112.9563338,34.92070114,15
118.8435382,35.58587212,11
115.4590891,38.53731644,5
118.9721459,35.9918261,7
118.7692124,35.77904003,1
119.2155804,35.7556971,1
119.2163458,35.74590734,1
119.2749927,35.61298018,1
