JGDJ,percent
一级,0.8303015372221044
二级,0.3331003634330445
三级,0.0
