JD,WD,value
115.6151801,38.90127817,1
118.8011232,35.52220152,1
115.4590891,38.53731644,1
119.2155804,35.7556971,1
119.2163458,35.74590734,1
