JD,WD,value
105.9712604,35.34351848,1
108.4963313,30.77400589,2
118.8435382,35.58587212,1
113.8643611,36.13099864,2
118.931584,35.46998243,1
115.4590891,38.53731644,3
118.9460049,35.65733871,2
118.7692124,35.77904003,1
119.2155804,35.7556971,2
