JGDJ,percent
一级,0.0
二级,0.837679688567903
三级,0.5715359944140047
