JD,WD,value
119.3012309,35.39150145,1
113.8643611,36.13099864,1
