JGDJ,percent
一级,0.8333273125327167
二级,0.923402639267249
三级,0.5055154644046228
