JD,WD,value
119.2738349,35.51464975,1
119.2163458,35.74590734,2
