JGDJ,percent
一级,0.9350823986328106
二级,0.7749458300227954
三级,0.4634025169266506
