JD,WD,value
119.4586262,35.43829808,1
119.5540672,35.3961023,1
