JGDJ,percent
一级,0.8789022919032294
二级,0.0
三级,0.5308847485237221
