JD,WD,value
116.7670156,30.60366922,1
119.268782,35.29195705,1
119.4686243,35.431049,1
112.1380499,29.10446695,1
119.2738349,35.51464975,1
117.2007828,34.24453607,1
106.3741305,31.87138456,1
118.8435382,35.58587212,1
119.2155804,35.7556971,3
119.2163458,35.74590734,1
