JD,WD,value
119.4586262,35.43829808,1
113.8643611,36.13099864,1
