JD,WD,value
118.9067767,35.58440415,2
