JGDJ,percent
一级,0.0
二级,0.7540488653441967
三级,0.7928938021976959
