JGDJ,percent
一级,0.9302228912422622
二级,0.8844264807701472
三级,0.4740865801895205
