JD,WD,value
119.2155804,35.7556971,1
119.2163458,35.74590734,2
118.9996978,35.80907805,1
119.2749927,35.61298018,1
