JGDJ,percent
一级,0.9168852179561156
二级,0.8089640724299417
三级,0.8020212297346802
