JGDJ,percent
一级,0.9440450215439606
二级,0.7481327109910476
三级,0.5295438994963763
