JD,WD,value
118.8011232,35.52220152,1
