JGDJ,percent
一级,0.78269331679626
二级,0.742402621469074
三级,0.5870426257268121
