JGDJ,percent
一级,0.8956059884337603
二级,0.6814459203043258
三级,0.686690291135865
