JGDJ,percent
一级,0.019230769230769232
二级,0.043478260869565216
三级,0.0
