JGDJ,percent
一级,0.9377910077830436
二级,0.0
三级,0.649943135843053
