JGDJ,percent
一级,0.0
二级,0.7523211680086066
三级,0.8807248807248808
