JD,WD,value
119.268782,35.29195705,1
105.9712604,35.34351848,1
119.3866344,35.28446157,1
112.9563338,34.92070114,1
118.8435382,35.58587212,1
118.931584,35.46998243,1
118.9996978,35.80907805,1
119.2749927,35.61298018,2
