JD,WD,value
120.3880917,36.30814232,1
119.2155804,35.7556971,1
119.2749927,35.61298018,1
119.4610803,35.68345171,1
119.3319313,35.86638699,1
111.9018348,22.4752086,1
