JGDJ,percent
一级,0.9005791251314529
二级,0.5927023432233071
三级,0.0
