JD,WD,value
119.2155804,35.7556971,4
119.2163458,35.74590734,2
118.9996978,35.80907805,1
119.2749927,35.61298018,1
119.3319313,35.86638699,1
119.4246591,35.73670114,1
