JD,WD,value
118.9893251,35.40548657,1
119.3866344,35.28446157,1
106.3741305,31.87138456,1
118.9460049,35.65733871,1
118.9721459,35.9918261,1
119.2155804,35.7556971,4
119.2163458,35.74590734,1
119.2749927,35.61298018,1
119.4610803,35.68345171,1
119.4246591,35.73670114,1
