JGDJ,percent
一级,0.0
二级,0.15384615384615385
三级,0.02702702702702703
