JD,WD,value
116.2979565,35.41008808,1
119.3599022,35.10417597,1
119.4586262,35.43829808,1
112.1380499,29.10446695,3
119.5170405,35.53091754,1
117.2007828,34.24453607,1
116.2005516,37.43284291,1
106.3741305,31.87138456,1
118.8435382,35.58587212,1
