JGDJ,percent
一级,0.8687230364742966
二级,0.7762980762787433
三级,0.6190862679316294
