JGDJ,percent
一级,0.0
二级,0.671631269638379
三级,0.5655423969627242
