JGDJ,percent
一级,0.8510477532958756
二级,0.6722726078164029
三级,0.5287366973661803
