JD,WD,value
112.9563338,34.92070114,1
119.2749927,35.61298018,1
119.4610803,35.68345171,1
