JGDJ,percent
一级,0.43772981614708234
二级,0.6471188291568626
三级,0.7461975237131068
