JGDJ,percent
一级,0.9033910802654485
二级,0.0
三级,0.4163824413995344
