JD,WD,value
119.5734467,35.57720323,1
119.268782,35.29195705,1
119.4686243,35.431049,1
119.4586262,35.43829808,1
119.5540672,35.3961023,1
112.1380499,29.10446695,1
106.9507598,27.70800021,1
115.6115866,38.62736949,1
120.3880917,36.30814232,2
118.895378,35.87753653,1
117.1689372,28.2246819,2
118.9721459,35.9918261,2
119.2155804,35.7556971,2
118.9996978,35.80907805,2
119.3319313,35.86638699,1
