JD,WD,value
118.8435382,35.58587212,3
119.2155804,35.7556971,2
119.2163458,35.74590734,2
119.2749927,35.61298018,1
119.3319313,35.86638699,1
119.1056767,35.91554883,2
