JD,WD,value
118.9893251,35.40548657,1
116.2005516,37.43284291,1
