JD,WD,value
116.2979565,35.41008808,1
119.5734467,35.57720323,2
119.268782,35.29195705,1
118.9893251,35.40548657,1
119.2860155,35.13672208,2
119.3599022,35.10417597,1
119.3866344,35.28446157,1
118.6240406,33.84566739,2
119.2738349,35.51464975,1
106.9507598,27.70800021,1
120.3880917,36.30814232,1
106.3741305,31.87138456,1
108.4963313,30.77400589,1
112.9563338,34.92070114,1
118.8435382,35.58587212,3
118.9460049,35.65733871,1
119.4610803,35.68345171,1
