JGDJ,percent
一级,0.8915598600279009
二级,0.8083690299409615
三级,0.7659010209203782
