JGDJ,percent
一级,0.42065217391304344
二级,0.7013429533448934
三级,0.0
