JGDJ,percent
一级,0.763847792392935
二级,0.6315699112837203
三级,0.0
