JD,WD,value
116.2979565,35.41008808,1
106.7371863,30.28648256,1
119.3599022,35.10417597,1
119.3012309,35.39150145,1
106.9507598,27.70800021,1
108.4963313,30.77400589,1
118.8435382,35.58587212,4
118.8011232,35.52220152,1
