JGDJ,percent
一级,0.8402675318633855
二级,0.6620337956226238
三级,0.5921214792792393
