JGDJ,percent
一级,0.0
二级,0.7615345204796589
三级,0.7322689060770006
