JD,WD,value
119.3012309,35.39150145,1
119.2163458,35.74590734,1
119.2749927,35.61298018,12
119.3319313,35.86638699,1
