JD,WD,value
113.8643611,36.13099864,3
119.2155804,35.7556971,3
119.2163458,35.74590734,4
119.3319313,35.86638699,1
119.1461076,35.65612567,1
119.1292477,35.78829172,1
