JGDJ,percent
一级,0.12213740458015267
二级,0.044534412955465584
三级,0.05830388692579505
