JGDJ,percent
一级,0.878995444126541
二级,0.8437851305601297
三级,0.5681968566824905
