JGDJ,percent
一级,0.848332352338978
二级,0.661640312223325
三级,0.5875970034947309
