JGDJ,percent
一级,0.8793298504660216
二级,0.8493470203201811
三级,0.7786622706255364
