JD,WD,value
119.5734467,35.57720323,1
116.7670156,30.60366922,1
119.1934703,35.17300822,1
105.9712604,35.34351848,1
118.8435382,35.58587212,1
119.4246591,35.73670114,1
119.1056767,35.91554883,1
