JD,WD,value
118.9893251,35.40548657,1
115.6115866,38.62736949,1
115.6151801,38.90127817,1
118.931584,35.46998243,1
