JGDJ,percent
一级,0.902786423072007
二级,0.0
三级,0.6060289238837366
