JGDJ,percent
一级,0.754441440571594
二级,0.7864582414047355
三级,0.5407084860339549
