JD,WD,value
116.2979565,35.41008808,1
119.5734467,35.57720323,1
106.7371863,30.28648256,1
105.9712604,35.34351848,1
119.4686243,35.431049,1
119.4586262,35.43829808,4
119.3866344,35.28446157,1
112.1380499,29.10446695,1
119.3012309,35.39150145,1
119.2738349,35.51464975,1
113.8643611,36.13099864,1
119.2163458,35.74590734,1
118.9996978,35.80907805,1
