JGDJ,percent
一级,0.8982362492989593
二级,0.6865679140398361
三级,0.0
