JGDJ,percent
一级,0.8115613718697351
二级,0.6479687701672973
三级,0.5701959191227998
