JGDJ,percent
一级,0.8509837848134421
二级,0.7122966224158973
三级,0.0
