JD,WD,value
116.7670156,30.60366922,2
119.268782,35.29195705,2
118.9893251,35.40548657,1
106.7371863,30.28648256,2
119.339158,35.17647178,2
119.4686243,35.431049,3
118.6240406,33.84566739,2
119.2738349,35.51464975,1
115.6151801,38.90127817,1
118.8435382,35.58587212,1
118.931584,35.46998243,1
119.2155804,35.7556971,2
119.2163458,35.74590734,1
119.1056767,35.91554883,1
