JD,WD,value
116.7670156,30.60366922,2
105.9712604,35.34351848,1
112.9563338,34.92070114,1
118.8435382,35.58587212,1
119.4610803,35.68345171,1
119.3319313,35.86638699,1
