JGDJ,percent
一级,0.8584448239519153
二级,0.7416000740982056
三级,0.0
