JGDJ,percent
一级,0.8705128911204367
二级,0.6201040158683955
三级,0.4764623934724209
