JD,WD,value
118.6240406,33.84566739,1
116.2005516,37.43284291,2
118.895378,35.87753653,3
106.3741305,31.87138456,1
118.8435382,35.58587212,3
113.8643611,36.13099864,2
115.4590891,38.53731644,2
119.2163458,35.74590734,1
119.1056767,35.91554883,1
