JD,WD,value
116.2005516,37.43284291,3
118.8435382,35.58587212,8
113.8643611,36.13099864,3
115.4590891,38.53731644,9
118.9799089,35.92304007,34
119.2155804,35.7556971,2
119.2163458,35.74590734,7
