JD,WD,value
119.339158,35.17647178,1
118.7800798,35.59681379,2
120.3880917,36.30814232,1
118.9460049,35.65733871,1
