JD,WD,value
106.3741305,31.87138456,1
112.9563338,34.92070114,1
118.8011232,35.52220152,1
