JD,WD,value
113.8643611,36.13099864,1
119.1056767,35.91554883,1
