JGDJ,percent
一级,0.805113079295997
二级,0.5869826451315456
三级,0.0
