JD,WD,value
116.2005516,37.43284291,1
115.6151801,38.90127817,1
