JD,WD,value
116.2005516,37.43284291,1
119.2749927,35.61298018,1
