JGDJ,percent
一级,0.0
二级,0.645834851220191
三级,0.6550283659573075
