JGDJ,percent
一级,0.0
二级,0.9174198960759403
三级,0.7222803598784528
