JD,WD,value
119.4586262,35.43829808,1
119.3866344,35.28446157,1
120.3880917,36.30814232,1
118.8435382,35.58587212,1
