JGDJ,percent
一级,0.0
二级,0.6522811973247238
三级,0.8669654178845914
