JD,WD,value
119.2860155,35.13672208,1
119.3319313,35.86638699,2
