JD,WD,value
119.5734467,35.57720323,1
116.2005516,37.43284291,1
120.3880917,36.30814232,2
115.6151801,38.90127817,1
106.3741305,31.87138456,1
118.8435382,35.58587212,1
118.9460049,35.65733871,1
