JGDJ,percent
一级,0.0
二级,0.42720588235294116
三级,0.36657048374672835
