JD,WD,value
119.5170405,35.53091754,1
112.9563338,34.92070114,1
