JGDJ,percent
一级,0.7890234166895956
二级,0.7171149516593903
三级,0.5774848926621201
