JGDJ,percent
一级,0.7892909056701902
二级,0.39221556886227543
三级,0.0
