JD,WD,value
118.895378,35.87753653,1
119.2749927,35.61298018,1
