JD,WD,value
119.5540672,35.3961023,1
108.4963313,30.77400589,1
112.9563338,34.92070114,1
118.8435382,35.58587212,1
118.9996978,35.80907805,1
119.2749927,35.61298018,4
119.3319313,35.86638699,1
