JGDJ,percent
一级,0.7968168183057739
二级,0.0
三级,0.47120435452648995
