JGDJ,percent
一级,0.6803027615959658
二级,0.6479116068004602
三级,0.5024058380788241
