JD,WD,value
119.5734467,35.57720323,1
119.3599022,35.10417597,1
106.9507598,27.70800021,1
120.3880917,36.30814232,1
118.895378,35.87753653,1
106.3741305,31.87138456,1
113.8643611,36.13099864,1
118.9067767,35.58440415,1
118.9996978,35.80907805,1
