JGDJ,percent
一级,0.0
二级,0.6563658874080547
三级,0.6715717203588373
