JD,WD,value
119.1934703,35.17300822,4
119.3599022,35.10417597,1
117.2007828,34.24453607,1
119.1461076,35.65612567,3
