JGDJ,percent
一级,0.0
二级,0.8436045925303726
三级,0.7750165826429514
