JD,WD,value
119.1934703,35.17300822,1
117.2007828,34.24453607,2
115.6115866,38.62736949,1
115.6151801,38.90127817,1
118.8435382,35.58587212,2
119.2749927,35.61298018,1
