JD,WD,value
119.339158,35.17647178,1
119.3599022,35.10417597,1
118.8435382,35.58587212,1
118.9996978,35.80907805,1
