JGDJ,percent
一级,0.9437029369041456
二级,0.0
三级,0.5817279566192823
