JGDJ,percent
一级,0.7789892703717047
二级,0.7464191840845146
三级,0.40096042806456506
