JGDJ,percent
一级,0.829107505070994
二级,0.24705202312138724
三级,0.0
