JD,WD,value
116.2979565,35.41008808,1
105.9712604,35.34351848,1
115.6115866,38.62736949,1
118.9067767,35.58440415,1
