JGDJ,percent
一级,0.9078205344675977
二级,0.0
三级,0.5080187248759526
