JD,WD,value
119.268782,35.29195705,1
118.9893251,35.40548657,1
119.4586262,35.43829808,1
117.2007828,34.24453607,1
115.6115866,38.62736949,1
116.2005516,37.43284291,1
118.895378,35.87753653,1
118.8011232,35.52220152,1
113.8643611,36.13099864,1
118.9067767,35.58440415,1
118.931584,35.46998243,1
119.2155804,35.7556971,2
119.2163458,35.74590734,1
119.4610803,35.68345171,1
