JD,WD,value
119.5540672,35.3961023,1
118.6240406,33.84566739,1
118.8435382,35.58587212,1
