JGDJ,percent
一级,0.0
二级,0.7173925676264636
三级,0.7183895754593501
