JD,WD,value
112.9563338,34.92070114,1
118.8435382,35.58587212,1
118.8011232,35.52220152,1
117.1689372,28.2246819,1
118.931584,35.46998243,1
