JD,WD,value
119.3012309,35.39150145,1
108.4963313,30.77400589,1
118.8435382,35.58587212,2
