JGDJ,percent
一级,0.8755873650042858
二级,0.0
三级,0.5617037714621306
