JGDJ,percent
一级,0.4637269218733701
二级,0.0
三级,0.5831153730353558
