JGDJ,percent
一级,0.7378322694644293
二级,0.6423698437110545
三级,0.5867172320139825
