JGDJ,percent
一级,0.8280928403353651
二级,0.6983958673620674
三级,0.5838444992689047
