JD,WD,value
105.9712604,35.34351848,5
119.4686243,35.431049,2
119.2738349,35.51464975,1
115.6115866,38.62736949,1
119.2155804,35.7556971,7
119.2163458,35.74590734,2
118.9996978,35.80907805,1
119.4610803,35.68345171,1
111.9018348,22.4752086,6
