JGDJ,percent
一级,0.0
二级,0.7903272496729902
三级,0.6356602401030874
