JGDJ,percent
一级,0.8068756256158254
二级,0.607926297619744
三级,0.5418449321936578
