JD,WD,value
119.2860155,35.13672208,1
120.3880917,36.30814232,1
119.4246591,35.73670114,1
