JD,WD,value
106.3741305,31.87138456,1
119.2155804,35.7556971,3
119.2163458,35.74590734,2
119.4610803,35.68345171,1
