JGDJ,percent
一级,0.8484818760620426
二级,0.6554354816187612
三级,0.7117437764530917
