JD,WD,value
115.6151801,38.90127817,1
106.3741305,31.87138456,1
108.4963313,30.77400589,1
112.9563338,34.92070114,1
113.8643611,36.13099864,9
