JD,WD,value
116.7670156,30.60366922,1
119.1934703,35.17300822,2
119.4586262,35.43829808,1
118.6240406,33.84566739,1
115.6151801,38.90127817,1
118.8150764,35.8120243,1
118.9460049,35.65733871,1
119.2749927,35.61298018,1
119.3319313,35.86638699,2
119.1461076,35.65612567,1
