JGDJ,percent
一级,0.7149337025593897
二级,0.6716779314008527
三级,0.0
