JGDJ,percent
一级,0.0010976948408342481
二级,0.0
三级,0.0056179775280898875
