JGDJ,percent
一级,0.41247379454926625
二级,0.0
三级,0.4314487144042024
