JGDJ,percent
一级,0.47173767991611854
二级,0.565530220150598
三级,0.5203418617473604
