JGDJ,percent
一级,0.8644148664433802
二级,0.666350733283886
三级,0.48567776340821595
