JD,WD,value
116.2979565,35.41008808,2
116.7670156,30.60366922,1
119.268782,35.29195705,2
119.1934703,35.17300822,1
119.4586262,35.43829808,5
119.3866344,35.28446157,2
119.5301142,35.46771125,1
119.3012309,35.39150145,1
119.5170405,35.53091754,1
118.6240406,33.84566739,1
119.2738349,35.51464975,1
117.2007828,34.24453607,1
113.8643611,36.13099864,3
119.2155804,35.7556971,3
119.2163458,35.74590734,1
119.2749927,35.61298018,7
119.1292477,35.78829172,1
