JD,WD,value
117.2007828,34.24453607,2
106.9507598,27.70800021,1
118.9996978,35.80907805,1
