JD,WD,value
119.268782,35.29195705,1
113.8643611,36.13099864,4
