JGDJ,percent
一级,0.4393040819163231
二级,0.6139282395183068
三级,0.0
