JD,WD,value
119.1934703,35.17300822,1
119.2738349,35.51464975,1
115.6151801,38.90127817,1
113.8643611,36.13099864,11
