JD,WD,value
119.3866344,35.28446157,1
118.931584,35.46998243,1
118.9799089,35.92304007,1
119.2155804,35.7556971,1
