JGDJ,percent
一级,0.9291969122545262
二级,0.0
三级,0.48079128897679696
