JD,WD,value
119.4686243,35.431049,1
119.3012309,35.39150145,1
116.2005516,37.43284291,1
118.9799089,35.92304007,1
