JD,WD,value
112.9563338,34.92070114,1
115.4590891,38.53731644,1
