JGDJ,percent
一级,0.7463526180056839
二级,0.0
三级,0.7078438409776124
