JD,WD,value
118.9799089,35.92304007,2
