JD,WD,value
119.5734467,35.57720323,1
119.4686243,35.431049,1
118.895378,35.87753653,2
115.6151801,38.90127817,2
119.2155804,35.7556971,1
