JD,WD,value
119.5734467,35.57720323,1
119.4586262,35.43829808,1
116.2005516,37.43284291,2
119.2155804,35.7556971,1
118.9996978,35.80907805,1
