JGDJ,percent
一级,0.8338458169644762
二级,0.4638519372322972
三级,0.0
