JGDJ,percent
一级,0.9380493308831189
二级,0.6629932639480084
三级,0.43882580080064654
