JD,WD,value
118.7800798,35.59681379,1
118.931584,35.46998243,1
115.4590891,38.53731644,1
119.2155804,35.7556971,2
119.1056767,35.91554883,1
