JGDJ,percent
一级,0.8410878595591331
二级,0.653604000702158
三级,0.6634241152020539
