JD,WD,value
118.9996978,35.80907805,1
119.1292477,35.78829172,1
