JGDJ,percent
一级,0.0
二级,0.7267922354921804
三级,0.5987116030746824
