JGDJ,percent
一级,0.0
二级,0.8438722354324351
三级,0.29623173648195217
