JGDJ,percent
一级,0.0
二级,0.6860366540923665
三级,0.5556113345718183
