JD,WD,value
117.2007828,34.24453607,1
