JGDJ,percent
一级,0.6661982480350929
二级,0.3622701154443998
三级,0.41663338492004065
