JD,WD,value
119.1934703,35.17300822,1
119.3599022,35.10417597,1
105.9712604,35.34351848,2
119.3866344,35.28446157,2
106.3741305,31.87138456,2
113.8643611,36.13099864,1
