JD,WD,value
119.1934703,35.17300822,1
120.3880917,36.30814232,1
115.6151801,38.90127817,1
