JD,WD,value
116.7670156,30.60366922,1
118.6240406,33.84566739,1
113.8643611,36.13099864,1
111.9018348,22.4752086,1
