JD,WD,value
119.1934703,35.17300822,1
119.5301142,35.46771125,1
113.8643611,36.13099864,1
