JD,WD,value
119.3012309,35.39150145,1
118.8150764,35.8120243,1
