JD,WD,value
119.268782,35.29195705,1
119.339158,35.17647178,1
119.1934703,35.17300822,1
105.9712604,35.34351848,1
117.2007828,34.24453607,1
118.8435382,35.58587212,1
118.931584,35.46998243,1
119.2155804,35.7556971,1
119.2749927,35.61298018,1
