JD,WD,value
119.2738349,35.51464975,1
