JGDJ,percent
一级,0.749391841744972
二级,0.6443706917389325
三级,0.44505655426352486
