JGDJ,percent
一级,0.8449056965317128
二级,0.8659497300061227
三级,0.6512230698078937
