JD,WD,value
119.339158,35.17647178,1
119.2163458,35.74590734,1
