JD,WD,value
119.4586262,35.43829808,1
106.9507598,27.70800021,1
116.2005516,37.43284291,1
