JGDJ,percent
一级,0.1174223195917604
二级,0.7139925226846933
三级,0.0
