JD,WD,value
120.3880917,36.30814232,1
118.8435382,35.58587212,1
118.8011232,35.52220152,1
115.4590891,38.53731644,1
118.9460049,35.65733871,1
