JD,WD,value
116.2979565,35.41008808,1
119.268782,35.29195705,1
119.2163458,35.74590734,1
