JGDJ,percent
一级,0.0
二级,0.5379733478051134
三级,0.4110914061700219
