JD,WD,value
116.5273454,30.66495721,1
119.5540672,35.3961023,1
120.3880917,36.30814232,1
