JD,WD,value
118.895378,35.87753653,1
