JGDJ,percent
一级,0.8099565490524552
二级,0.6570695769504773
三级,0.0
