JD,WD,value
119.2860155,35.13672208,1
106.7371863,30.28648256,1
119.3599022,35.10417597,2
105.9712604,35.34351848,2
119.4686243,35.431049,1
119.5540672,35.3961023,1
115.6151801,38.90127817,2
112.9563338,34.92070114,1
118.8435382,35.58587212,1
115.4590891,38.53731644,1
119.2155804,35.7556971,3
