JD,WD,value
119.5734467,35.57720323,2
119.2860155,35.13672208,2
119.1934703,35.17300822,1
119.4686243,35.431049,1
112.1380499,29.10446695,1
106.9507598,27.70800021,2
118.895378,35.87753653,1
112.9563338,34.92070114,1
118.8435382,35.58587212,3
118.9460049,35.65733871,2
119.2155804,35.7556971,1
119.2163458,35.74590734,1
119.2749927,35.61298018,1
119.4610803,35.68345171,1
