JD,WD,value
105.9712604,35.34351848,1
119.4686243,35.431049,1
112.1380499,29.10446695,1
119.2738349,35.51464975,1
117.2007828,34.24453607,1
106.9507598,27.70800021,1
113.8643611,36.13099864,1
115.4590891,38.53731644,1
118.9721459,35.9918261,1
119.2155804,35.7556971,1
118.9996978,35.80907805,1
111.9018348,22.4752086,1
