JGDJ,percent
一级,0.820576316974336
二级,0.8292294902912865
三级,0.7290535639515001
