JGDJ,percent
一级,0.0
二级,0.9657008548786322
三级,0.6510035872545004
