JD,WD,value
116.2979565,35.41008808,1
119.268782,35.29195705,1
118.9893251,35.40548657,3
106.7371863,30.28648256,1
119.4586262,35.43829808,5
119.5301142,35.46771125,3
118.6240406,33.84566739,1
117.2007828,34.24453607,3
106.9507598,27.70800021,1
116.2005516,37.43284291,2
118.8435382,35.58587212,2
118.8011232,35.52220152,1
113.8643611,36.13099864,2
117.1689372,28.2246819,2
118.931584,35.46998243,1
119.2163458,35.74590734,1
119.3319313,35.86638699,1
