JGDJ,percent
一级,0.627656407011798
二级,0.7732710330809796
三级,0.5681358356591857
