JD,WD,value
119.5734467,35.57720323,2
119.268782,35.29195705,1
106.7371863,30.28648256,1
119.3599022,35.10417597,1
105.9712604,35.34351848,3
119.4586262,35.43829808,1
118.6240406,33.84566739,1
117.2007828,34.24453607,6
106.9507598,27.70800021,2
118.8435382,35.58587212,2
118.8011232,35.52220152,1
113.8643611,36.13099864,2
118.9721459,35.9918261,1
119.2155804,35.7556971,2
118.9996978,35.80907805,1
119.2749927,35.61298018,1
119.1461076,35.65612567,1
