JGDJ,percent
一级,0.8050097698436156
二级,0.7866114862411965
三级,0.48900687557949657
