JD,WD,value
116.7670156,30.60366922,1
119.4586262,35.43829808,1
119.3866344,35.28446157,2
118.6240406,33.84566739,1
106.3741305,31.87138456,1
119.2155804,35.7556971,2
119.2749927,35.61298018,1
111.9018348,22.4752086,2
