JD,WD,value
118.9893251,35.40548657,1
119.4586262,35.43829808,1
119.1461076,35.65612567,1
