JGDJ,percent
一级,0.5888177584790042
二级,0.0
三级,0.41903099492265317
