JGDJ,percent
一级,0.8886416252641253
二级,0.6475116018787129
三级,0.4313567964469261
