JGDJ,percent
一级,0.880080447091409
二级,0.7006834600082688
三级,0.4390488944874037
