JGDJ,percent
一级,0.8316994310411029
二级,0.0
三级,0.45276776918586464
