JGDJ,percent
一级,0.7611973833290862
二级,0.5470549718236749
三级,0.881050045881692
