JGDJ,percent
一级,0.8874344757076981
二级,0.0
三级,0.466470372182002
