JD,WD,value
119.3866344,35.28446157,1
115.6115866,38.62736949,4
120.3880917,36.30814232,2
118.8435382,35.58587212,4
118.8011232,35.52220152,1
115.4590891,38.53731644,1
119.2155804,35.7556971,9
119.2163458,35.74590734,2
118.9996978,35.80907805,1
119.3319313,35.86638699,2
