JGDJ,percent
一级,0.0
二级,0.6180135072193759
三级,0.4088704902124479
