JGDJ,percent
一级,0.8294274820470776
二级,0.0
三级,0.45063675828039956
