JGDJ,percent
一级,0.0
二级,0.8221861295127091
三级,0.49600095457810833
