JD,WD,value
116.7670156,30.60366922,2
119.339158,35.17647178,1
119.4586262,35.43829808,1
112.1380499,29.10446695,1
119.5170405,35.53091754,1
118.9067767,35.58440415,1
