JD,WD,value
116.2005516,37.43284291,1
118.8150764,35.8120243,1
