JD,WD,value
116.2979565,35.41008808,1
119.339158,35.17647178,1
119.1934703,35.17300822,1
119.4686243,35.431049,2
118.6240406,33.84566739,2
118.8435382,35.58587212,1
118.8011232,35.52220152,1
119.2155804,35.7556971,3
118.9996978,35.80907805,2
119.2749927,35.61298018,1
119.3319313,35.86638699,2
119.3964308,35.50585644,1
119.1056767,35.91554883,1
