JGDJ,percent
一级,0.0
二级,0.5998664592516115
三级,0.7370273268596129
