JD,WD,value
119.4246591,35.73670114,1
