JD,WD,value
118.7800798,35.59681379,1
