JGDJ,percent
一级,0.0
二级,0.5524113536364421
三级,0.48655638693938486
