JD,WD,value
119.1934703,35.17300822,1
115.6115866,38.62736949,1
118.931584,35.46998243,1
118.9460049,35.65733871,1
