JD,WD,value
119.4586262,35.43829808,2
118.6240406,33.84566739,2
119.2738349,35.51464975,1
117.2007828,34.24453607,1
106.9507598,27.70800021,1
115.6115866,38.62736949,1
118.7800798,35.59681379,1
106.3741305,31.87138456,1
112.9563338,34.92070114,1
119.2155804,35.7556971,1
