JGDJ,percent
一级,0.6309417712038945
二级,0.0
三级,0.5499948945835267
