JGDJ,percent
一级,0.0
二级,0.6252580993905409
三级,0.42347338062767653
