JD,WD,value
116.5273454,30.66495721,1
119.5734467,35.57720323,1
119.268782,35.29195705,1
118.9893251,35.40548657,1
119.339158,35.17647178,1
118.6240406,33.84566739,4
118.8435382,35.58587212,1
119.2749927,35.61298018,1
