JD,WD,value
118.8435382,35.58587212,1
118.9067767,35.58440415,1
115.4590891,38.53731644,2
118.9721459,35.9918261,1
119.2749927,35.61298018,1
