JGDJ,percent
一级,0.6327159091212865
二级,0.0
三级,0.4141629631915726
