JD,WD,value
120.3880917,36.30814232,1
118.8150764,35.8120243,1
