JD,WD,value
106.7371863,30.28648256,1
116.2005516,37.43284291,1
112.9563338,34.92070114,1
115.4590891,38.53731644,1
