JD,WD,value
116.2005516,37.43284291,1
115.4590891,38.53731644,1
