JGDJ,percent
一级,0.7100117169281172
二级,0.0
三级,0.48113861444296935
