JD,WD,value
119.3599022,35.10417597,1
105.9712604,35.34351848,1
119.5540672,35.3961023,1
112.1380499,29.10446695,1
118.8435382,35.58587212,1
115.4590891,38.53731644,1
119.3319313,35.86638699,1
111.9018348,22.4752086,1
