JGDJ,percent
一级,0.5873020786577721
二级,0.6676881519970173
三级,0.6068807049797007
