JGDJ,percent
一级,0.0
二级,0.7754572903525252
三级,0.5376332385453868
