JD,WD,value
119.268782,35.29195705,1
106.7371863,30.28648256,1
119.1934703,35.17300822,1
105.9712604,35.34351848,3
119.4586262,35.43829808,2
119.2163458,35.74590734,1
118.9996978,35.80907805,2
