JGDJ,percent
一级,0.0
二级,0.2702169625246548
三级,0.5272892024983195
