JD,WD,value
119.3599022,35.10417597,1
118.931584,35.46998243,1
118.9460049,35.65733871,2
