JD,WD,value
119.3012309,35.39150145,1
117.2007828,34.24453607,1
118.895378,35.87753653,1
