JGDJ,percent
一级,0.7198951758630435
二级,0.5410221500759281
三级,0.385499128045236
