JD,WD,value
116.5273454,30.66495721,1
120.3880917,36.30814232,1
113.8643611,36.13099864,1
