JD,WD,value
119.2163458,35.74590734,1
118.9996978,35.80907805,1
