JD,WD,value
119.339158,35.17647178,1
119.4586262,35.43829808,1
