JD,WD,value
105.9712604,35.34351848,1
119.1461076,35.65612567,1
