JGDJ,percent
一级,0.0
二级,0.44216317670910016
三级,0.3669229671827113
