JD,WD,value
119.5734467,35.57720323,1
118.6240406,33.84566739,1
