JD,WD,value
118.931584,35.46998243,2
