JGDJ,percent
一级,0.0
二级,0.5846552678955625
三级,0.6121972308347262
