JD,WD,value
119.2860155,35.13672208,1
119.3866344,35.28446157,1
116.2005516,37.43284291,1
118.8435382,35.58587212,1
118.9460049,35.65733871,1
