JD,WD,value
119.1461076,35.65612567,1
