JD,WD,value
119.2163458,35.74590734,7
119.1461076,35.65612567,1
