JGDJ,percent
一级,0.9869294669596707
二级,0.7909235264869992
三级,0.6375840082431152
