JGDJ,percent
一级,0.0
二级,0.5907336316005878
三级,0.653443241354399
