JD,WD,value
116.2979565,35.41008808,1
119.339158,35.17647178,1
119.5301142,35.46771125,1
113.8643611,36.13099864,1
119.2163458,35.74590734,1
119.4246591,35.73670114,1
