JD,WD,value
119.268782,35.29195705,1
118.9893251,35.40548657,1
119.1934703,35.17300822,1
119.4686243,35.431049,1
119.4586262,35.43829808,1
119.3866344,35.28446157,1
119.5301142,35.46771125,1
117.2007828,34.24453607,2
115.6115866,38.62736949,1
116.2005516,37.43284291,1
106.3741305,31.87138456,2
118.931584,35.46998243,1
