JD,WD,value
119.4586262,35.43829808,1
115.6115866,38.62736949,1
118.895378,35.87753653,2
118.8435382,35.58587212,1
119.2155804,35.7556971,1
