JGDJ,percent
一级,0.8309773726686099
二级,0.6318753451975174
三级,0.0
