JD,WD,value
116.7670156,30.60366922,1
119.268782,35.29195705,1
119.4586262,35.43829808,4
119.3012309,35.39150145,1
120.3880917,36.30814232,1
115.6151801,38.90127817,2
108.4963313,30.77400589,1
118.8435382,35.58587212,6
118.8011232,35.52220152,1
115.4590891,38.53731644,1
118.9460049,35.65733871,2
118.9996978,35.80907805,5
