JD,WD,value
116.2979565,35.41008808,1
119.268782,35.29195705,1
106.7371863,30.28648256,1
119.339158,35.17647178,1
105.9712604,35.34351848,1
118.7800798,35.59681379,1
116.2005516,37.43284291,1
120.3880917,36.30814232,1
118.8435382,35.58587212,3
