JGDJ,percent
一级,0.8633241995417408
二级,0.9044315762291527
三级,0.9027090289747496
