JGDJ,percent
一级,0.9069517178881694
二级,0.7106343665552671
三级,0.5608542647599677
