JD,WD,value
118.9893251,35.40548657,1
119.339158,35.17647178,2
119.4686243,35.431049,4
119.4586262,35.43829808,2
119.5540672,35.3961023,1
119.3012309,35.39150145,1
106.9507598,27.70800021,2
116.2005516,37.43284291,4
120.3880917,36.30814232,8
112.9563338,34.92070114,5
118.8435382,35.58587212,7
118.9067767,35.58440415,2
118.931584,35.46998243,3
119.2155804,35.7556971,2
119.2163458,35.74590734,3
119.3319313,35.86638699,2
119.1292477,35.78829172,1
