JD,WD,value
119.4586262,35.43829808,1
119.2738349,35.51464975,1
106.9507598,27.70800021,1
115.6115866,38.62736949,1
120.3880917,36.30814232,1
118.895378,35.87753653,1
118.8435382,35.58587212,2
113.8643611,36.13099864,1
118.931584,35.46998243,1
115.4590891,38.53731644,1
119.2155804,35.7556971,1
119.2749927,35.61298018,1
119.1056767,35.91554883,1
