JGDJ,percent
一级,0.9433091770495519
二级,0.5882779283021649
三级,0.7070152905709537
