JD,WD,value
116.2979565,35.41008808,1
119.268782,35.29195705,1
119.4586262,35.43829808,1
119.3866344,35.28446157,3
106.9507598,27.70800021,1
118.9996978,35.80907805,1
