JGDJ,percent
一级,0.8659891687804309
二级,0.5514594407875799
三级,0.0
