JD,WD,value
106.9507598,27.70800021,1
118.7800798,35.59681379,1
118.8435382,35.58587212,1
