JGDJ,percent
一级,0.0
二级,0.6560912123315822
三级,0.4816778317033929
