JD,WD,value
106.7371863,30.28648256,1
118.8011232,35.52220152,1
119.2155804,35.7556971,1
