JD,WD,value
118.9893251,35.40548657,1
115.6115866,38.62736949,1
116.2005516,37.43284291,1
118.895378,35.87753653,1
118.8435382,35.58587212,6
118.8011232,35.52220152,1
118.9721459,35.9918261,1
119.2155804,35.7556971,1
