JGDJ,percent
一级,0.0
二级,0.8250695374749154
三级,0.8066435211065738
