JD,WD,value
113.8643611,36.13099864,3
119.2155804,35.7556971,4
119.2163458,35.74590734,9
