JD,WD,value
119.3866344,35.28446157,1
118.8435382,35.58587212,1
