JGDJ,percent
一级,0.9467488184388285
二级,0.0
三级,0.7934820008505533
