JD,WD,value
117.2007828,34.24453607,1
118.895378,35.87753653,1
118.9996978,35.80907805,2
119.2749927,35.61298018,2
119.4610803,35.68345171,1
119.1292477,35.78829172,1
