JD,WD,value
119.5734467,35.57720323,2
119.268782,35.29195705,1
118.6240406,33.84566739,1
111.9018348,22.4752086,1
