JGDJ,percent
一级,0.8315722970515187
二级,0.647576118236744
三级,0.5005272080207548
