JGDJ,percent
一级,0.0
二级,0.6617390362077308
三级,0.5761934029911904
