JD,WD,value
119.3012309,35.39150145,1
118.7800798,35.59681379,1
119.2163458,35.74590734,1
