JGDJ,percent
一级,0.0
二级,0.5919391791428598
三级,0.847429175155746
