JD,WD,value
116.2979565,35.41008808,1
118.9893251,35.40548657,1
119.1934703,35.17300822,1
105.9712604,35.34351848,1
119.4586262,35.43829808,1
112.1380499,29.10446695,1
119.5301142,35.46771125,1
119.2155804,35.7556971,2
119.2163458,35.74590734,6
118.9996978,35.80907805,3
119.2749927,35.61298018,2
119.3319313,35.86638699,1
119.1461076,35.65612567,1
111.9018348,22.4752086,1
