JD,WD,value
119.268782,35.29195705,1
115.6115866,38.62736949,1
112.9563338,34.92070114,1
118.9067767,35.58440415,3
111.9018348,22.4752086,1
