JGDJ,percent
一级,0.0
二级,0.6029549734147256
三级,0.4910663879420537
