JGDJ,percent
一级,0.0
二级,0.617881412813961
三级,0.543990133385294
