JGDJ,percent
一级,0.0
二级,0.6608446706017287
三级,0.5988110784103534
