JGDJ,percent
一级,0.6066471647908507
二级,0.638935712889989
三级,0.44408355616388884
