JD,WD,value
119.3866344,35.28446157,1
106.3741305,31.87138456,1
119.2155804,35.7556971,3
119.2163458,35.74590734,1
119.2749927,35.61298018,1
119.3319313,35.86638699,2
119.1292477,35.78829172,1
111.9018348,22.4752086,1
