JD,WD,value
116.7670156,30.60366922,2
105.9712604,35.34351848,2
119.4686243,35.431049,1
119.5301142,35.46771125,1
119.3012309,35.39150145,1
115.6115866,38.62736949,2
116.2005516,37.43284291,1
120.3880917,36.30814232,1
115.6151801,38.90127817,1
118.8435382,35.58587212,1
113.8643611,36.13099864,1
119.2155804,35.7556971,1
119.3319313,35.86638699,1
119.1461076,35.65612567,1
119.1292477,35.78829172,1
