JGDJ,percent
一级,0.645002852236361
二级,0.5553049345314001
三级,0.5377287099401784
