JGDJ,percent
一级,0.0
二级,0.6167375938339025
三级,0.5830439486836004
