JD,WD,value
106.7371863,30.28648256,1
115.6151801,38.90127817,1
