JGDJ,percent
一级,0.7282284691870271
二级,0.521131738090403
三级,0.5802045844879298
