JGDJ,percent
一级,0.9089407013034697
二级,0.0
三级,0.41791686939318756
