JGDJ,percent
一级,0.0
二级,0.5847723223860736
三级,0.457868468905075
