JGDJ,percent
一级,0.0
二级,0.7288618602156711
三级,0.6906438536663279
