JD,WD,value
118.9893251,35.40548657,1
119.2860155,35.13672208,1
106.7371863,30.28648256,2
119.339158,35.17647178,2
119.1934703,35.17300822,3
119.4686243,35.431049,1
119.4586262,35.43829808,1
119.3012309,35.39150145,3
118.8011232,35.52220152,1
