JD,WD,value
119.1934703,35.17300822,1
117.2007828,34.24453607,1
106.9507598,27.70800021,1
119.2155804,35.7556971,2
