JGDJ,percent
一级,0.0
二级,0.9386937370825367
三级,0.7592812175538518
