JD,WD,value
119.3599022,35.10417597,1
