JGDJ,percent
一级,0.6259949788840666
二级,0.0
三级,0.41594000372647666
