JD,WD,value
119.3866344,35.28446157,1
119.3319313,35.86638699,1
