JGDJ,percent
一级,0.8494393904013378
二级,0.7594539294294357
三级,0.47557757675873996
