JD,WD,value
119.3866344,35.28446157,1
119.3012309,35.39150145,1
120.3880917,36.30814232,1
118.895378,35.87753653,1
115.6151801,38.90127817,1
118.8435382,35.58587212,6
118.8011232,35.52220152,3
113.8643611,36.13099864,1
118.9067767,35.58440415,1
117.1689372,28.2246819,1
115.4590891,38.53731644,2
118.9460049,35.65733871,2
119.2155804,35.7556971,1
