JD,WD,value
118.9893251,35.40548657,2
106.7371863,30.28648256,1
105.9712604,35.34351848,1
119.4686243,35.431049,1
119.4586262,35.43829808,2
119.5540672,35.3961023,1
119.3012309,35.39150145,1
118.7800798,35.59681379,1
106.3741305,31.87138456,1
108.4963313,30.77400589,1
118.8435382,35.58587212,2
113.8643611,36.13099864,2
119.2155804,35.7556971,2
119.2163458,35.74590734,1
119.2749927,35.61298018,7
