JGDJ,percent
一级,0.809768300931614
二级,0.572111532592398
三级,0.3787483302369145
