JD,WD,value
119.5540672,35.3961023,1
119.3866344,35.28446157,1
