JGDJ,percent
一级,0.07475114552061937
二级,0.48153592427936326
三级,0.0
