JD,WD,value
119.5301142,35.46771125,2
118.8435382,35.58587212,2
113.8643611,36.13099864,1
119.2749927,35.61298018,1
