JD,WD,value
119.4686243,35.431049,1
115.6115866,38.62736949,1
118.8435382,35.58587212,1
118.9067767,35.58440415,1
118.931584,35.46998243,1
119.2155804,35.7556971,1
