JGDJ,percent
一级,0.8740265776680536
二级,0.42730315820113524
三级,0.0
