JGDJ,percent
一级,0.9152845210026679
二级,0.0
三级,0.6749609713198851
