JD,WD,value
118.8435382,35.58587212,1
115.4590891,38.53731644,1
119.2155804,35.7556971,1
