JD,WD,value
118.9893251,35.40548657,1
119.5301142,35.46771125,1
118.7800798,35.59681379,1
120.3880917,36.30814232,1
115.6151801,38.90127817,1
108.4963313,30.77400589,1
118.8435382,35.58587212,2
118.931584,35.46998243,1
118.9460049,35.65733871,1
118.9799089,35.92304007,7
119.2155804,35.7556971,2
119.3319313,35.86638699,1
111.9018348,22.4752086,1
