JGDJ,percent
一级,0.811157714217345
二级,0.0
三级,0.4653010196657427
