JD,WD,value
119.4686243,35.431049,1
119.5170405,35.53091754,1
