JD,WD,value
118.7800798,35.59681379,1
118.8011232,35.52220152,2
115.4590891,38.53731644,1
