JGDJ,percent
一级,0.7312630134282129
二级,0.6253435392992969
三级,0.5377966395035871
