JD,WD,value
119.2860155,35.13672208,1
119.2738349,35.51464975,1
