JD,WD,value
116.7670156,30.60366922,1
119.268782,35.29195705,1
118.9893251,35.40548657,1
119.2860155,35.13672208,1
106.7371863,30.28648256,1
119.1934703,35.17300822,2
105.9712604,35.34351848,2
119.3599022,35.10417597,1
119.4586262,35.43829808,1
119.3866344,35.28446157,1
119.5301142,35.46771125,1
119.3012309,35.39150145,1
117.2007828,34.24453607,1
106.9507598,27.70800021,1
115.6115866,38.62736949,2
119.2155804,35.7556971,1
118.9996978,35.80907805,1
