JD,WD,value
116.7670156,30.60366922,1
119.268782,35.29195705,2
119.2860155,35.13672208,1
106.7371863,30.28648256,1
119.1934703,35.17300822,1
106.9507598,27.70800021,1
118.9996978,35.80907805,2
