JGDJ,percent
一级,0.0
二级,0.6673994390132982
三级,0.4425888922264134
