JD,WD,value
119.268782,35.29195705,1
119.339158,35.17647178,1
115.6151801,38.90127817,2
106.3741305,31.87138456,1
118.8435382,35.58587212,1
