JGDJ,percent
一级,0.0
二级,0.64171913785409
三级,0.5069853996029584
