JD,WD,value
119.268782,35.29195705,1
119.3866344,35.28446157,1
115.6115866,38.62736949,1
