JD,WD,value
119.5734467,35.57720323,1
115.6151801,38.90127817,1
111.9018348,22.4752086,1
