JD,WD,value
119.339158,35.17647178,2
115.6115866,38.62736949,1
119.2155804,35.7556971,1
