JGDJ,percent
一级,0.0
二级,0.5674283509950305
三级,0.5932504109882779
