JD,WD,value
116.2979565,35.41008808,1
119.268782,35.29195705,2
119.5540672,35.3961023,1
