JGDJ,percent
一级,0.0
二级,0.644755948924549
三级,0.8580616589741923
