JGDJ,percent
一级,0.0
二级,0.6937048068981603
三级,0.5983251107987014
