JD,WD,value
119.5540672,35.3961023,1
118.7800798,35.59681379,1
116.2005516,37.43284291,2
115.6151801,38.90127817,2
108.4963313,30.77400589,1
118.8011232,35.52220152,1
113.8643611,36.13099864,1
118.931584,35.46998243,2
118.9799089,35.92304007,1
119.2155804,35.7556971,5
119.2163458,35.74590734,8
118.9996978,35.80907805,4
119.2749927,35.61298018,4
119.4610803,35.68345171,1
119.3319313,35.86638699,4
119.4246591,35.73670114,1
119.1461076,35.65612567,1
119.1292477,35.78829172,2
