JD,WD,value
119.5734467,35.57720323,2
116.7670156,30.60366922,2
119.339158,35.17647178,2
119.1934703,35.17300822,2
119.5540672,35.3961023,1
119.3012309,35.39150145,1
119.5170405,35.53091754,1
106.9507598,27.70800021,1
118.8150764,35.8120243,1
118.8435382,35.58587212,1
119.2163458,35.74590734,1
