JGDJ,percent
一级,0.0
二级,0.6257022715952135
三级,0.48609882088714207
