JGDJ,percent
一级,0.0
二级,0.5616159507281173
三级,0.5830817081653507
