JGDJ,percent
一级,0.0
二级,0.6575252434982783
三级,0.5025487333615681
