JGDJ,percent
一级,0.8208496770919601
二级,0.6220518486738094
三级,0.4694479768820768
