JD,WD,value
118.8435382,35.58587212,2
118.8011232,35.52220152,2
113.8643611,36.13099864,3
118.9067767,35.58440415,1
118.9799089,35.92304007,10
