JD,WD,value
119.3012309,35.39150145,1
118.6240406,33.84566739,1
118.9460049,35.65733871,1
