JGDJ,percent
一级,0.8093284207000502
二级,0.0
三级,0.7120567917984387
