JGDJ,percent
一级,0.7832168587896253
二级,0.6083349586247249
三级,0.0
