JD,WD,value
119.268782,35.29195705,1
105.9712604,35.34351848,1
119.3866344,35.28446157,2
119.5301142,35.46771125,1
115.6151801,38.90127817,2
118.8435382,35.58587212,8
118.8011232,35.52220152,1
118.931584,35.46998243,9
118.9799089,35.92304007,9
118.7692124,35.77904003,1
119.2155804,35.7556971,2
119.2163458,35.74590734,1
118.9996978,35.80907805,1
119.2749927,35.61298018,4
