JD,WD,value
116.2005516,37.43284291,1
118.8435382,35.58587212,2
113.8643611,36.13099864,1
118.9721459,35.9918261,1
118.9799089,35.92304007,2
119.1056767,35.91554883,1
