JGDJ,percent
一级,0.8484721502895612
二级,0.0
三级,0.43505071730614575
