JD,WD,value
119.5301142,35.46771125,4
118.6240406,33.84566739,1
119.2738349,35.51464975,1
117.2007828,34.24453607,2
115.6115866,38.62736949,2
118.7800798,35.59681379,1
106.3741305,31.87138456,1
112.9563338,34.92070114,1
118.8435382,35.58587212,2
118.8011232,35.52220152,1
118.9067767,35.58440415,1
115.4590891,38.53731644,2
118.9460049,35.65733871,2
118.9996978,35.80907805,1
