JGDJ,percent
一级,0.0
二级,0.6072942390030441
三级,0.6762174985980342
