JGDJ,percent
一级,0.0
二级,0.27325007261109496
三级,0.6888822355289422
