JD,WD,value
119.3012309,35.39150145,1
106.9507598,27.70800021,2
