JGDJ,percent
一级,0.5075344084845449
二级,0.0
三级,0.4690992781358021
