JD,WD,value
119.3866344,35.28446157,1
120.3880917,36.30814232,1
118.8011232,35.52220152,1
115.4590891,38.53731644,1
