JD,WD,value
119.5540672,35.3961023,1
112.1380499,29.10446695,1
