JD,WD,value
119.2163458,35.74590734,4
119.3319313,35.86638699,1
