JGDJ,percent
一级,0.0
二级,0.5645923364878135
三级,0.4606971450048217
