JGDJ,percent
一级,0.0
二级,0.7404209484380261
三级,0.49111684421165536
