JD,WD,value
119.339158,35.17647178,1
119.4586262,35.43829808,2
118.895378,35.87753653,1
119.2155804,35.7556971,1
119.2163458,35.74590734,1
119.1056767,35.91554883,2
