JGDJ,percent
一级,0.8224181402392697
二级,0.808786926188839
三级,0.6176533799294007
