JGDJ,percent
一级,0.0
二级,0.689722513158418
三级,0.6296263297970206
