JD,WD,value
119.268782,35.29195705,1
106.7371863,30.28648256,1
119.1934703,35.17300822,1
118.6240406,33.84566739,1
118.9996978,35.80907805,1
