JGDJ,percent
一级,0.3283582089552239
二级,0.1592920353982301
三级,0.0
