JGDJ,percent
一级,0.6282005583290452
二级,0.6846630333324899
三级,0.41676103842223733
