JD,WD,value
119.2163458,35.74590734,26
119.2749927,35.61298018,3
