JD,WD,value
119.5734467,35.57720323,1
119.268782,35.29195705,1
119.339158,35.17647178,1
119.4686243,35.431049,1
119.4586262,35.43829808,1
112.1380499,29.10446695,1
119.5301142,35.46771125,1
119.3012309,35.39150145,1
118.6240406,33.84566739,1
119.2738349,35.51464975,1
115.6151801,38.90127817,1
118.8435382,35.58587212,1
119.2163458,35.74590734,2
