JGDJ,percent
一级,0.9574895376350425
二级,0.6814263862703692
三级,0.5774007207130634
