JGDJ,percent
一级,0.750232534880232
二级,0.0
三级,0.4676005854095654
