JD,WD,value
119.3866344,35.28446157,1
119.4246591,35.73670114,1
