JD,WD,value
116.2005516,37.43284291,1
112.9563338,34.92070114,1
119.2155804,35.7556971,1
