JGDJ,percent
一级,0.7509491746116098
二级,0.6703613849533813
三级,0.5170686546667354
