JD,WD,value
119.4586262,35.43829808,1
120.3880917,36.30814232,1
