JD,WD,value
113.8643611,36.13099864,6
118.9799089,35.92304007,1
119.2155804,35.7556971,1
