JGDJ,percent
一级,0.7720593301247036
二级,0.9073704001924684
三级,0.0
