JGDJ,percent
一级,0.0
二级,0.8730037533632036
三级,0.45185772454721085
