JD,WD,value
106.9507598,27.70800021,1
118.8150764,35.8120243,1
112.9563338,34.92070114,1
