JGDJ,percent
一级,0.0
二级,0.7282137660884164
三级,0.5081140805993648
