JGDJ,percent
一级,0.0
二级,0.5258871995391624
三级,0.47141479168324446
