JD,WD,value
116.2979565,35.41008808,1
118.6240406,33.84566739,1
118.9721459,35.9918261,1
119.2163458,35.74590734,3
119.3319313,35.86638699,1
119.1056767,35.91554883,1
111.9018348,22.4752086,1
