JD,WD,value
119.4686243,35.431049,1
119.5301142,35.46771125,1
118.6240406,33.84566739,1
106.9507598,27.70800021,1
119.2163458,35.74590734,1
