JGDJ,percent
一级,0.8312917508155974
二级,0.545224241986195
三级,0.5095223939102297
