JD,WD,value
118.9460049,35.65733871,1
119.2163458,35.74590734,1
