JGDJ,percent
一级,0.0
二级,0.4462572627081108
三级,0.6010681811150732
