JD,WD,value
119.1934703,35.17300822,1
105.9712604,35.34351848,2
119.4586262,35.43829808,1
108.4963313,30.77400589,1
118.8435382,35.58587212,1
119.2163458,35.74590734,1
