JD,WD,value
119.2860155,35.13672208,1
119.1934703,35.17300822,1
119.3599022,35.10417597,1
119.4686243,35.431049,1
119.3866344,35.28446157,1
112.1380499,29.10446695,1
119.2163458,35.74590734,1
