JGDJ,percent
一级,0.0
二级,0.6372385858991249
三级,0.5390413237945522
