JGDJ,percent
一级,0.8865958799483341
二级,0.0
三级,0.8742311604909965
