JD,WD,value
119.3866344,35.28446157,1
118.7800798,35.59681379,1
118.8435382,35.58587212,8
119.2155804,35.7556971,2
119.2163458,35.74590734,4
