JD,WD,value
118.9893251,35.40548657,1
106.7371863,30.28648256,1
119.1934703,35.17300822,1
119.2738349,35.51464975,1
117.2007828,34.24453607,1
116.2005516,37.43284291,2
120.3880917,36.30814232,1
118.895378,35.87753653,1
115.6151801,38.90127817,1
108.4963313,30.77400589,1
118.9067767,35.58440415,1
118.9460049,35.65733871,1
119.2155804,35.7556971,1
119.2163458,35.74590734,1
118.9996978,35.80907805,1
119.1292477,35.78829172,1
