JGDJ,percent
一级,0.7435144759250658
二级,0.5046916163444964
三级,0.5474467087210744
