JD,WD,value
119.268782,35.29195705,1
118.9460049,35.65733871,1
