JD,WD,value
115.6115866,38.62736949,1
108.4963313,30.77400589,1
118.9721459,35.9918261,1
