JD,WD,value
116.2979565,35.41008808,2
119.5734467,35.57720323,1
119.268782,35.29195705,3
106.7371863,30.28648256,1
119.1934703,35.17300822,1
119.3599022,35.10417597,1
105.9712604,35.34351848,2
119.4686243,35.431049,2
119.4586262,35.43829808,1
119.5540672,35.3961023,2
119.3866344,35.28446157,1
119.5301142,35.46771125,3
118.6240406,33.84566739,1
117.2007828,34.24453607,2
115.6115866,38.62736949,1
118.7692124,35.77904003,1
119.2155804,35.7556971,2
119.2749927,35.61298018,1
