JD,WD,value
119.4586262,35.43829808,2
118.6240406,33.84566739,1
119.4686243,35.431049,1
