JGDJ,percent
一级,0.0
二级,0.6571785077918592
三级,0.5814293686082816
