JD,WD,value
115.6115866,38.62736949,2
118.9460049,35.65733871,1
