JGDJ,percent
一级,0.9587823533705906
二级,0.5495722434654942
三级,0.0
