JD,WD,value
119.4586262,35.43829808,1
119.2155804,35.7556971,1
