JGDJ,percent
一级,0.7357634105532068
二级,0.0
三级,0.32288422662951427
