JD,WD,value
116.2005516,37.43284291,1
118.895378,35.87753653,1
