JD,WD,value
118.9893251,35.40548657,1
106.3741305,31.87138456,1
118.9721459,35.9918261,1
