JGDJ,percent
一级,0.0
二级,0.8732833475264498
三级,0.7505479542477246
