JD,WD,value
105.9712604,35.34351848,1
115.6115866,38.62736949,1
118.8435382,35.58587212,1
119.1461076,35.65612567,3
