JD,WD,value
119.5301142,35.46771125,1
119.2163458,35.74590734,1
