JD,WD,value
119.5734467,35.57720323,1
119.268782,35.29195705,1
115.6115866,38.62736949,1
117.1689372,28.2246819,1
118.9460049,35.65733871,1
119.2163458,35.74590734,1
119.2749927,35.61298018,1
119.1056767,35.91554883,1
