JGDJ,percent
一级,0.7700768858786936
二级,0.6024170371555141
三级,0.5497934200420109
