JGDJ,percent
一级,0.8536347821414418
二级,0.0
三级,0.47472899720723943
