JGDJ,percent
一级,0.0
二级,0.6331172060523929
三级,0.1895350812616796
