JD,WD,value
119.2860155,35.13672208,1
119.4586262,35.43829808,1
115.6115866,38.62736949,1
106.3741305,31.87138456,1
