JGDJ,percent
一级,0.8774685264005108
二级,0.0
三级,0.5843023927441161
