JD,WD,value
119.2860155,35.13672208,1
119.4686243,35.431049,1
119.3012309,35.39150145,1
119.5170405,35.53091754,1
108.4963313,30.77400589,1
118.8435382,35.58587212,1
118.9721459,35.9918261,1
119.2155804,35.7556971,2
118.9996978,35.80907805,1
