JGDJ,percent
一级,0.0
二级,0.7605257275113302
三级,0.6449991965505236
