JD,WD,value
119.268782,35.29195705,1
119.2738349,35.51464975,1
