JD,WD,value
112.9563338,34.92070114,1
113.8643611,36.13099864,1
119.2163458,35.74590734,4
