JD,WD,value
116.2979565,35.41008808,1
119.1934703,35.17300822,1
119.3599022,35.10417597,1
119.5540672,35.3961023,1
119.5301142,35.46771125,1
119.3012309,35.39150145,1
119.5170405,35.53091754,1
117.2007828,34.24453607,1
116.2005516,37.43284291,1
120.3880917,36.30814232,1
108.4963313,30.77400589,1
118.9067767,35.58440415,2
118.7692124,35.77904003,1
119.2163458,35.74590734,1
118.9996978,35.80907805,1
119.2749927,35.61298018,2
119.1292477,35.78829172,1
