JGDJ,percent
一级,0.8149443417144054
二级,0.6020815313645537
三级,0.4679891662184419
