JGDJ,percent
一级,0.8859927921086255
二级,0.5997765103278888
三级,0.4525999950103657
