JGDJ,percent
一级,0.0
二级,0.8335653754408221
三级,0.5801037900903262
