JGDJ,percent
一级,0.0
二级,0.7040031109515497
三级,0.7298957478325288
