JD,WD,value
119.4586262,35.43829808,1
112.1380499,29.10446695,1
