JD,WD,value
116.2979565,35.41008808,1
119.5734467,35.57720323,1
116.7670156,30.60366922,1
106.7371863,30.28648256,1
119.5540672,35.3961023,1
119.5301142,35.46771125,1
119.3012309,35.39150145,1
118.6240406,33.84566739,1
117.2007828,34.24453607,1
106.9507598,27.70800021,1
120.3880917,36.30814232,1
118.895378,35.87753653,2
118.8011232,35.52220152,1
118.9721459,35.9918261,1
119.2155804,35.7556971,1
119.2749927,35.61298018,1
