JD,WD,value
119.268782,35.29195705,1
118.9893251,35.40548657,2
119.339158,35.17647178,2
119.4686243,35.431049,1
112.9563338,34.92070114,2
