JGDJ,percent
一级,0.9560868216823929
二级,0.0
三级,0.8552343039321085
