JD,WD,value
119.339158,35.17647178,1
119.5170405,35.53091754,1
120.3880917,36.30814232,1
118.8435382,35.58587212,1
119.2155804,35.7556971,1
118.9996978,35.80907805,1
