JGDJ,percent
一级,0.0
二级,0.7476676747077591
三级,0.6518085564535043
