JGDJ,percent
一级,0.0
二级,0.8964714485043389
三级,0.6121309700201014
