JGDJ,percent
一级,0.0
二级,0.8733177038356756
三级,0.8037889273483843
