JD,WD,value
119.5734467,35.57720323,1
106.7371863,30.28648256,1
119.1934703,35.17300822,1
119.4686243,35.431049,1
118.6240406,33.84566739,1
118.8435382,35.58587212,1
115.4590891,38.53731644,1
118.9996978,35.80907805,1
119.3319313,35.86638699,2
111.9018348,22.4752086,1
