JD,WD,value
119.5734467,35.57720323,1
118.9893251,35.40548657,1
119.2155804,35.7556971,1
