JD,WD,value
118.8435382,35.58587212,3
113.8643611,36.13099864,20
119.2155804,35.7556971,2
119.2749927,35.61298018,2
