JGDJ,percent
一级,0.8602127846654357
二级,0.8181951759792715
三级,0.6151310401246727
