JD,WD,value
115.6115866,38.62736949,1
115.4590891,38.53731644,1
