JD,WD,value
119.339158,35.17647178,2
118.8011232,35.52220152,1
