JD,WD,value
118.9067767,35.58440415,1
119.1461076,35.65612567,1
