JGDJ,percent
一级,0.7962130774967923
二级,0.6484817564526368
三级,0.4072846192601123
