JGDJ,percent
一级,0.8041670424443516
二级,0.6127874641388966
三级,0.5113721173141945
