JGDJ,percent
一级,0.8582748891801996
二级,0.64749595295542
三级,0.5964412793104295
