JD,WD,value
118.9893251,35.40548657,1
116.2005516,37.43284291,3
120.3880917,36.30814232,5
115.6151801,38.90127817,1
106.3741305,31.87138456,1
108.4963313,30.77400589,1
118.8435382,35.58587212,5
118.8011232,35.52220152,2
113.8643611,36.13099864,2
118.9067767,35.58440415,2
117.1689372,28.2246819,4
115.4590891,38.53731644,2
118.9721459,35.9918261,1
118.9799089,35.92304007,4
119.2163458,35.74590734,2
119.3964308,35.50585644,1
119.1056767,35.91554883,1
