JD,WD,value
116.2005516,37.43284291,3
106.3741305,31.87138456,1
108.4963313,30.77400589,1
118.8435382,35.58587212,3
118.931584,35.46998243,1
