JD,WD,value
119.3599022,35.10417597,1
117.2007828,34.24453607,1
116.2005516,37.43284291,1
119.2163458,35.74590734,1
118.9996978,35.80907805,1
