JGDJ,percent
一级,0.8615714054187185
二级,0.9027858808729887
三级,0.0
