JD,WD,value
119.268782,35.29195705,6
119.1934703,35.17300822,1
119.2155804,35.7556971,1
