JGDJ,percent
一级,0.8800792195018211
二级,0.583497921763995
三级,0.49047890905262814
