JD,WD,value
119.2860155,35.13672208,1
119.3866344,35.28446157,3
117.2007828,34.24453607,1
119.2155804,35.7556971,4
119.2163458,35.74590734,2
119.2749927,35.61298018,2
119.3319313,35.86638699,3
119.1056767,35.91554883,1
119.1292477,35.78829172,1
