JGDJ,percent
一级,0.8729976882832461
二级,0.9316732811834464
三级,0.0
