JGDJ,percent
一级,0.0
二级,0.6624390276100144
三级,0.6313903817004272
