JD,WD,value
106.7371863,30.28648256,1
119.339158,35.17647178,1
105.9712604,35.34351848,1
119.3599022,35.10417597,1
119.4586262,35.43829808,1
119.3012309,35.39150145,1
118.6240406,33.84566739,1
118.8435382,35.58587212,1
119.2749927,35.61298018,1
119.3319313,35.86638699,1
