JD,WD,value
105.9712604,35.34351848,1
119.4686243,35.431049,1
116.2005516,37.43284291,1
120.3880917,36.30814232,1
115.4590891,38.53731644,1
119.2163458,35.74590734,1
