JGDJ,percent
一级,0.7164663522490999
二级,0.0
三级,0.4782078202775068
