JD,WD,value
106.9507598,27.70800021,1
119.2155804,35.7556971,1
