JGDJ,percent
一级,0.9380063954435939
二级,0.7842603273778312
三级,0.6246304431152675
