JGDJ,percent
一级,0.7209480342166121
二级,0.0
三级,0.7544445233529815
