JGDJ,percent
一级,0.0
二级,0.8555581646271323
三级,0.51228024261
