JD,WD,value
118.9996978,35.80907805,1
