JD,WD,value
119.339158,35.17647178,1
119.4686243,35.431049,1
115.6115866,38.62736949,2
118.7800798,35.59681379,2
116.2005516,37.43284291,1
115.6151801,38.90127817,1
108.4963313,30.77400589,1
112.9563338,34.92070114,1
118.8435382,35.58587212,2
118.8011232,35.52220152,1
118.931584,35.46998243,2
115.4590891,38.53731644,1
119.2163458,35.74590734,1
