JGDJ,percent
一级,0.0
二级,0.7419514189350321
三级,0.6988498091278079
