JD,WD,value
116.2979565,35.41008808,2
119.5734467,35.57720323,1
119.268782,35.29195705,2
119.2860155,35.13672208,1
106.7371863,30.28648256,1
119.339158,35.17647178,1
105.9712604,35.34351848,1
119.4586262,35.43829808,2
119.3012309,35.39150145,1
118.6240406,33.84566739,1
119.2738349,35.51464975,1
106.9507598,27.70800021,1
118.8435382,35.58587212,1
119.2155804,35.7556971,2
