JGDJ,percent
一级,0.502973081558859
二级,0.651843536944624
三级,0.40839044142943576
