JD,WD,value
118.8435382,35.58587212,1
119.2155804,35.7556971,1
119.3964308,35.50585644,1
