JGDJ,percent
一级,0.8793639422843068
二级,0.0
三级,0.6857625185941713
