JD,WD,value
119.268782,35.29195705,1
119.4686243,35.431049,1
119.3012309,35.39150145,1
119.5170405,35.53091754,1
118.6240406,33.84566739,1
119.2738349,35.51464975,1
106.9507598,27.70800021,1
118.7800798,35.59681379,1
119.2155804,35.7556971,1
