JGDJ,percent
一级,0.6786377226049656
二级,0.0
三级,0.4718431793811545
