JGDJ,percent
一级,0.0
二级,0.7397108311281057
三级,0.5679868048394697
