JGDJ,percent
一级,0.9145969091621265
二级,0.7692788898662675
三级,0.4477287848545334
