JGDJ,percent
一级,0.0
二级,0.8716973301978144
三级,0.9474377282103057
