JGDJ,percent
一级,0.0
二级,0.6663959501628283
三级,0.5033434387831387
