JGDJ,percent
一级,0.0
二级,0.10638297872340426
三级,0.020618556701030927
