JD,WD,value
118.6240406,33.84566739,1
119.2749927,35.61298018,1
