JD,WD,value
116.7670156,30.60366922,1
119.339158,35.17647178,2
105.9712604,35.34351848,1
119.3866344,35.28446157,1
118.9067767,35.58440415,1
