JD,WD,value
116.7670156,30.60366922,1
119.3599022,35.10417597,1
119.2155804,35.7556971,3
