JGDJ,percent
一级,0.0
二级,0.49511000711161174
三级,0.6152604081119863
