JGDJ,percent
一级,0.7942938403047758
二级,0.6848119593980508
三级,0.5297411947421103
