JGDJ,percent
一级,0.6843594744783424
二级,0.776488340269133
三级,0.7057816337570831
