JD,WD,value
119.339158,35.17647178,1
119.1934703,35.17300822,1
119.3599022,35.10417597,1
119.4686243,35.431049,1
119.4586262,35.43829808,1
112.1380499,29.10446695,1
119.5170405,35.53091754,1
118.6240406,33.84566739,2
106.9507598,27.70800021,1
119.2155804,35.7556971,2
119.2163458,35.74590734,1
