JD,WD,value
119.3599022,35.10417597,1
119.3866344,35.28446157,1
119.3012309,35.39150145,1
