JGDJ,percent
一级,0.0
二级,0.8897823748595262
三级,0.6942392678299576
