JD,WD,value
106.7371863,30.28648256,1
119.3866344,35.28446157,1
119.3012309,35.39150145,1
117.2007828,34.24453607,1
118.8011232,35.52220152,1
117.1689372,28.2246819,1
