JD,WD,value
106.7371863,30.28648256,1
119.1934703,35.17300822,1
119.4686243,35.431049,1
118.895378,35.87753653,1
118.9721459,35.9918261,1
