JD,WD,value
116.7670156,30.60366922,1
119.339158,35.17647178,1
119.4586262,35.43829808,1
120.3880917,36.30814232,1
118.8011232,35.52220152,1
