JD,WD,value
106.7371863,30.28648256,1
119.1934703,35.17300822,2
119.3599022,35.10417597,1
119.4586262,35.43829808,1
119.5540672,35.3961023,1
106.9507598,27.70800021,1
120.3880917,36.30814232,1
118.9067767,35.58440415,1
