JGDJ,percent
一级,0.0
二级,0.884878784863861
三级,0.6798954231258849
