JD,WD,value
119.339158,35.17647178,1
119.4586262,35.43829808,1
117.2007828,34.24453607,1
116.2005516,37.43284291,1
