JGDJ,percent
一级,0.0
二级,0.8860406170178343
三级,0.7745589537938575
