JD,WD,value
116.7670156,30.60366922,2
119.2860155,35.13672208,1
119.1934703,35.17300822,1
119.3599022,35.10417597,2
119.4686243,35.431049,1
119.3866344,35.28446157,1
119.5301142,35.46771125,1
115.4590891,38.53731644,2
