JD,WD,value
116.2979565,35.41008808,1
119.268782,35.29195705,1
118.9893251,35.40548657,1
119.3866344,35.28446157,1
119.5301142,35.46771125,1
