JGDJ,percent
一级,0.0
二级,0.32727272727272727
三级,0.4301162773647707
