JD,WD,value
119.339158,35.17647178,2
119.3599022,35.10417597,1
119.4586262,35.43829808,2
119.5301142,35.46771125,1
119.3012309,35.39150145,1
115.6115866,38.62736949,1
118.8435382,35.58587212,3
118.8011232,35.52220152,1
113.8643611,36.13099864,16
118.9067767,35.58440415,1
118.9721459,35.9918261,1
119.2749927,35.61298018,1
