JGDJ,percent
一级,0.7840641494112871
二级,0.48136884290708587
三级,0.5570418363027457
