JGDJ,percent
一级,0.7241147828374573
二级,0.7249877584756802
三级,0.6242659084787875
