JD,WD,value
106.7371863,30.28648256,1
119.339158,35.17647178,1
119.1934703,35.17300822,1
119.4686243,35.431049,1
119.4586262,35.43829808,6
119.5170405,35.53091754,2
118.6240406,33.84566739,2
106.3741305,31.87138456,1
119.2155804,35.7556971,1
