JGDJ,percent
一级,0.44323205719123315
二级,0.8892099386652165
三级,0.7770816330952398
