JD,WD,value
106.3741305,31.87138456,1
115.4590891,38.53731644,1
118.9460049,35.65733871,1
118.9721459,35.9918261,1
118.9996978,35.80907805,1
