JGDJ,percent
一级,0.0
二级,0.5395174627882089
三级,0.5957044926503157
