JD,WD,value
105.9712604,35.34351848,1
119.3866344,35.28446157,2
118.7800798,35.59681379,1
118.8435382,35.58587212,1
115.4590891,38.53731644,1
118.9460049,35.65733871,1
