JD,WD,value
118.8435382,35.58587212,1
118.8011232,35.52220152,1
119.3319313,35.86638699,1
