JGDJ,percent
一级,0.9235679785927562
二级,0.0
三级,0.5407082256065799
