JGDJ,percent
一级,0.7304443119285252
二级,0.6182789784700428
三级,0.5706340361423071
