JD,WD,value
119.4686243,35.431049,1
112.1380499,29.10446695,1
118.8150764,35.8120243,1
108.4963313,30.77400589,1
118.8435382,35.58587212,1
117.1689372,28.2246819,1
119.3319313,35.86638699,1
