JD,WD,value
116.2979565,35.41008808,1
105.9712604,35.34351848,1
118.895378,35.87753653,1
118.9067767,35.58440415,1
118.9460049,35.65733871,1
