JGDJ,percent
一级,0.7369525640479894
二级,0.0
三级,0.3214951109936575
