JD,WD,value
118.8435382,35.58587212,1
118.9799089,35.92304007,1
