JGDJ,percent
一级,0.8399016470680618
二级,0.0
三级,0.4733580918136422
