JD,WD,value
118.9893251,35.40548657,1
115.6115866,38.62736949,1
120.3880917,36.30814232,1
118.895378,35.87753653,1
115.6151801,38.90127817,1
113.8643611,36.13099864,1
115.4590891,38.53731644,1
118.9460049,35.65733871,1
118.9721459,35.9918261,1
