JD,WD,value
119.339158,35.17647178,1
119.4586262,35.43829808,1
118.6240406,33.84566739,1
117.2007828,34.24453607,1
106.9507598,27.70800021,1
115.6151801,38.90127817,1
