JD,WD,value
108.4963313,30.77400589,1
118.8435382,35.58587212,2
113.8643611,36.13099864,2
119.2155804,35.7556971,1
