JGDJ,percent
一级,0.8424891212912622
二级,0.8928009356368305
三级,0.48020457344319245
