JGDJ,percent
一级,0.9125007086569533
二级,0.5843266880143235
三级,0.4618626695409934
