JGDJ,percent
一级,0.1518987341772152
二级,0.06306306306306306
三级,0.11363636363636363
