JGDJ,percent
一级,0.2
二级,0.066006600660066
三级,0.13722627737226278
