JGDJ,percent
一级,0.8269022571726574
二级,0.6386929113691054
三级,0.5116914287740635
