JGDJ,percent
一级,0.8092253839205059
二级,0.7194435174214379
三级,0.5551732247613781
