JGDJ,percent
一级,0.0
二级,0.6129125750585581
三级,0.3552604057728509
