JGDJ,percent
一级,0.8196084210000714
二级,0.6880420135982431
三级,0.5765478881679315
