JGDJ,percent
一级,0.7843509441958918
二级,0.7219488500977561
三级,0.5968883127976011
