JGDJ,percent
一级,0.8710827832157221
二级,0.820019306833423
三级,0.5517259725285185
