JD,WD,value
118.8435382,35.58587212,3
118.9799089,35.92304007,15
