JGDJ,percent
一级,0.2222222222222222
二级,0.15789473684210525
三级,0.1839080459770115
