JGDJ,percent
一级,0.8375254481590375
二级,0.6788534607963309
三级,0.5656353858712178
