JD,WD,value
119.2860155,35.13672208,1
119.3599022,35.10417597,1
119.4586262,35.43829808,1
118.9996978,35.80907805,1
