JGDJ,percent
一级,0.8375318628951316
二级,0.0
三级,0.4569952187024362
