JGDJ,percent
一级,0.3938929168990519
二级,0.0
三级,0.4183702580496403
