JGDJ,percent
一级,0.8091146853861751
二级,0.6366029351515101
三级,0.47809859167529983
