JGDJ,percent
一级,0.09418282548476455
二级,0.5948291924760162
三级,0.0
