JD,WD,value
112.1380499,29.10446695,1
113.8643611,36.13099864,1
