JD,WD,value
119.3599022,35.10417597,1
118.6240406,33.84566739,1
117.2007828,34.24453607,1
118.8435382,35.58587212,1
119.3319313,35.86638699,1
