JD,WD,value
116.2979565,35.41008808,1
119.5734467,35.57720323,2
119.4686243,35.431049,1
119.4586262,35.43829808,2
119.5170405,35.53091754,1
118.9799089,35.92304007,1
119.2163458,35.74590734,1
119.3319313,35.86638699,1
111.9018348,22.4752086,1
