JGDJ,percent
一级,0.7598058310610373
二级,0.9148733864963536
三级,0.0
