JD,WD,value
116.2979565,35.41008808,2
119.2860155,35.13672208,1
119.1934703,35.17300822,1
119.4586262,35.43829808,1
106.9507598,27.70800021,3
108.4963313,30.77400589,1
118.8435382,35.58587212,1
118.8011232,35.52220152,1
118.9067767,35.58440415,1
119.2155804,35.7556971,3
