JD,WD,value
119.4586262,35.43829808,1
108.4963313,30.77400589,1
118.8435382,35.58587212,8
113.8643611,36.13099864,3
118.931584,35.46998243,2
115.4590891,38.53731644,1
118.9721459,35.9918261,1
119.2155804,35.7556971,1
119.1056767,35.91554883,2
