JGDJ,percent
一级,0.11764705882352941
二级,0.08888888888888889
三级,0.08450704225352113
