JGDJ,percent
一级,0.8079460465723897
二级,0.7891007283260474
三级,0.7812743660228022
