JD,WD,value
117.2007828,34.24453607,1
119.2155804,35.7556971,1
