JD,WD,value
119.1934703,35.17300822,1
119.5301142,35.46771125,1
118.8435382,35.58587212,2
118.8011232,35.52220152,1
113.8643611,36.13099864,14
118.9721459,35.9918261,1
119.2155804,35.7556971,1
119.2749927,35.61298018,3
