JD,WD,value
118.9893251,35.40548657,1
119.2163458,35.74590734,1
