JD,WD,value
116.7670156,30.60366922,1
119.268782,35.29195705,2
119.339158,35.17647178,1
119.1934703,35.17300822,1
119.4586262,35.43829808,5
119.5540672,35.3961023,1
119.3866344,35.28446157,2
119.5170405,35.53091754,1
118.6240406,33.84566739,2
117.2007828,34.24453607,2
106.9507598,27.70800021,1
120.3880917,36.30814232,1
