JD,WD,value
116.2979565,35.41008808,1
115.6151801,38.90127817,1
