JGDJ,percent
一级,0.0
二级,0.7092874438813707
三级,0.5373975925330512
