JGDJ,percent
一级,0.0
二级,0.6647059586921116
三级,0.48604662354967354
