JD,WD,value
119.339158,35.17647178,2
119.1934703,35.17300822,1
105.9712604,35.34351848,1
119.3599022,35.10417597,1
119.5540672,35.3961023,2
119.3866344,35.28446157,1
119.5301142,35.46771125,4
118.6240406,33.84566739,1
106.9507598,27.70800021,1
