JGDJ,percent
一级,0.653984450089249
二级,0.6552799077832907
三级,0.5055718245711044
