JD,WD,value
119.4586262,35.43829808,1
112.1380499,29.10446695,1
119.3012309,35.39150145,1
106.3741305,31.87138456,1
118.9067767,35.58440415,1
117.1689372,28.2246819,1
118.931584,35.46998243,1
118.9460049,35.65733871,1
119.2163458,35.74590734,1
119.2749927,35.61298018,1
