JD,WD,value
116.2979565,35.41008808,2
119.5734467,35.57720323,1
119.1934703,35.17300822,3
119.3599022,35.10417597,1
105.9712604,35.34351848,1
119.4686243,35.431049,1
112.1380499,29.10446695,1
119.5170405,35.53091754,1
118.6240406,33.84566739,1
117.2007828,34.24453607,1
115.6115866,38.62736949,1
120.3880917,36.30814232,1
118.8435382,35.58587212,1
