JD,WD,value
116.2979565,35.41008808,1
119.3599022,35.10417597,3
105.9712604,35.34351848,1
116.2005516,37.43284291,2
118.895378,35.87753653,1
118.8435382,35.58587212,1
113.8643611,36.13099864,1
119.2749927,35.61298018,1
111.9018348,22.4752086,1
