JGDJ,percent
一级,0.4815120048348992
二级,0.6413516580589069
三级,0.5131962961594038
