JD,WD,value
105.9712604,35.34351848,1
