JGDJ,percent
一级,0.8841348794393175
二级,0.6649948211669637
三级,0.6830862226097232
