JGDJ,percent
一级,0.0
二级,0.8362874779541446
三级,0.4912666714498681
