JGDJ,percent
一级,0.0
二级,0.6574627076757392
三级,0.539048995819451
