JGDJ,percent
一级,0.0
二级,0.6609871339762241
三级,0.5263744901737863
