JD,WD,value
112.1380499,29.10446695,1
119.3012309,35.39150145,1
118.6240406,33.84566739,1
106.3741305,31.87138456,1
113.8643611,36.13099864,2
