JGDJ,percent
一级,0.7056947946018094
二级,0.4984179982510534
三级,0.0
