JD,WD,value
119.1934703,35.17300822,1
112.9563338,34.92070114,1
